,pop_2022,gini,EPI.new,HLT.new,AIR.new,HAD.new,PMD.new,OZD.new,NOE.new,SOE.new,COE.new,VOE.new,H2O.new,USD.new,UWD.new,HMT.new,PBD.new,WMG.new,MSW.new,REC.new,OCP.new,ECO.new,BDH.new,TBN.new,TBG.new,MPA.new,PAR.new,SHI.new,SPI.new,BHV.new,ECS.new,TCL.new,GRL.new,WTL.new,FSH.new,FSS.new,RMS.new,FTD.new,ACD.new,SDA.new,NXA.new,AGR.new,SPU.new,SNM.new,WRS.new,WWT.new,PCC.new,CCH.new,CDA.new,CHA.new,FGA.new,NDA.new,BCA.new,GHN.new,LCB.new,GIB.new,GHP.new,clusters
0,41128771,36.125,43.6,16.0,15.5,7.4,16.0,18.4,37.8,61.2,42.7,37.5,28.1,28.4,27.8,0.0,0.0,4.4,1.1,11.1,36.0,36.9,30.7,20.6,51.5,7.8,5.2,90.8,13.4,41.9,61.8,58.3,44.8,100.0,19.2,30.1,13.6,10.149999999999999,35.5,0.0,71.0,44.2,37.3,51.0,0.0,0.0,65.6,65.6,83.9,50.2,61.4,63.7,42.9,45.3,100.0,77.5,100.0,0
1,35588987,51.3,30.5,20.5,23.1,17.9,24.0,36.8,32.4,60.2,30.3,8.3,12.8,14.1,12.0,36.7,36.7,9.6,0.0,19.0,19.5,28.6,30.1,34.1,36.6,0.0,30.2,88.4,31.8,61.5,29.4,15.5,41.7,100.0,24.3,43.9,17.6,7.9,50.5,39.0,61.9,24.9,20.4,29.3,0.0,0.0,37.7,37.7,39.0,49.7,57.7,70.4,51.8,26.4,37.9,45.2,62.3,0
2,2775634,29.86666667,47.1,40.0,37.5,34.5,36.7,63.7,29.5,43.3,61.5,46.9,54.1,59.6,50.3,45.5,45.5,13.4,0.5,20.5,32.1,45.5,63.9,100.0,100.0,14.7,41.0,82.2,63.6,34.8,24.2,22.9,24.2,31.8,17.3,30.1,30.2,0.8,90.2,100.0,80.4,28.9,20.2,37.6,1.9,1.9,52.5,52.5,42.3,50.1,59.4,76.9,100.0,53.9,87.3,49.6,61.5,0
3,9441129,26.0,52.4,49.4,41.7,100.0,3.4,20.4,0.0,14.0,25.7,13.1,67.2,90.5,51.7,53.6,53.6,43.4,67.6,24.5,13.8,70.4,80.3,97.2,97.2,100.0,29.0,81.4,42.4,60.7,100.0,14.5,47.150000000000006,100.0,26.2,40.7,11.7,10.149999999999999,59.2,57.7,60.6,17.4,21.1,13.7,92.1,92.1,34.0,34.0,42.0,20.8,70.8,39.0,100.0,13.3,100.0,54.7,0.0,0
4,46234830,42.125,41.1,56.3,52.0,60.5,48.2,51.8,22.8,68.5,66.2,16.3,64.8,72.6,59.5,72.2,72.2,42.4,71.2,9.6,17.7,38.9,42.4,41.7,56.7,43.0,17.2,69.5,37.1,43.2,23.0,14.2,54.2,45.0,5.8,5.6,5.5,6.3,85.4,100.0,70.7,74.1,69.8,78.4,5.9,5.9,35.5,35.5,51.8,40.2,10.6,47.7,83.1,11.7,86.7,29.2,33.4,0
5,2780469,29.35,48.3,40.7,32.1,56.7,12.4,28.1,20.9,33.5,53.2,43.1,57.3,50.7,61.7,50.2,50.2,37.5,49.5,13.5,36.0,58.1,73.3,100.0,100.0,7.8,15.8,92.4,50.3,43.0,59.7,58.2,28.7,100.0,19.2,30.1,13.6,10.149999999999999,39.2,27.3,51.0,45.5,33.3,57.6,4.5,4.5,41.4,41.4,29.2,40.1,58.6,0.0,30.6,47.5,100.0,40.0,59.4,0
6,93763,36.125,52.4,55.8,56.5,69.3,37.1,100.0,77.2,62.2,91.6,91.4,50.1,57.4,45.2,59.8,59.8,62.3,75.2,15.3,83.7,43.6,54.2,88.7,84.8,2.6,53.7,85.7,39.1,34.0,39.5,19.4,100.0,100.0,19.7,30.4,9.0,10.149999999999999,93.2,100.0,86.5,5.1,30.0,5.1,15.7,15.7,60.2,60.2,37.4,50.2,60.9,79.0,69.0,83.5,88.6,48.0,40.0,0
7,25978935,34.3,60.1,86.4,91.1,98.1,100.0,78.1,15.7,37.8,60.5,18.5,87.1,95.9,81.2,76.4,76.4,69.0,95.0,52.9,33.1,62.3,82.1,90.9,90.4,100.0,45.8,87.4,72.8,56.4,20.1,0.0,100.0,60.6,14.6,16.0,16.0,11.2,88.6,100.0,77.2,67.9,86.7,49.2,92.9,92.9,43.8,43.8,59.4,83.6,63.5,89.4,69.7,13.6,35.4,71.5,0.3,0
8,9042528,30.26666667,66.5,81.7,75.0,95.7,69.3,44.9,15.5,59.9,52.9,50.3,94.7,86.7,100.0,90.7,90.7,77.4,98.1,36.0,36.0,73.9,86.0,100.0,100.0,7.8,70.3,84.8,79.8,44.0,28.0,12.9,100.0,46.6,19.2,30.1,13.6,10.149999999999999,100.0,100.0,100.0,70.6,73.1,68.0,94.0,94.0,50.3,50.3,54.3,70.5,89.9,69.2,100.0,31.4,78.2,54.1,22.2,0
9,10175016,26.6,38.6,30.7,22.1,40.6,2.0,35.5,32.7,38.9,59.4,42.7,45.6,44.3,46.5,40.4,40.4,30.8,39.0,14.4,36.0,44.4,46.2,50.7,62.2,7.8,10.8,96.0,50.7,29.2,58.1,64.6,29.0,48.6,19.2,30.1,13.6,10.149999999999999,31.9,8.4,55.4,51.4,38.4,64.3,3.9,3.9,36.4,36.4,32.9,41.6,54.4,36.5,64.6,28.9,100.0,22.2,42.1,0
10,12889576,38.6,30.5,22.0,30.7,7.6,51.8,26.0,24.3,33.3,7.2,19.3,5.4,5.4,5.4,35.2,35.2,2.7,0.5,7.1,36.0,35.5,42.3,46.7,46.7,7.8,25.8,90.8,33.0,39.5,22.2,18.5,35.1,31.8,19.2,30.1,13.6,10.149999999999999,74.8,69.7,79.9,18.5,0.0,37.0,0.0,0.0,29.4,29.4,4.1,15.5,61.4,25.5,53.2,52.7,39.2,6.3,100.0,0
11,11669446,26.8,58.2,77.9,74.6,100.0,64.7,48.6,10.6,52.5,54.3,67.0,93.6,94.5,93.0,66.6,66.6,68.0,98.3,31.7,43.6,57.9,82.4,90.8,90.8,100.0,60.4,74.6,78.3,34.1,16.3,13.2,32.4,18.8,16.4,30.1,19.5,12.3,100.0,100.0,100.0,33.1,18.9,47.3,68.2,68.2,48.1,48.1,55.5,55.5,74.8,99.4,100.0,27.2,85.9,52.3,21.5,0
12,13352864,37.9,29.6,22.2,22.3,9.1,29.3,29.1,34.7,60.4,29.1,21.3,13.5,13.3,13.6,36.2,36.2,29.7,13.0,56.9,36.0,36.2,63.6,100.0,100.0,0.0,54.2,86.5,72.0,38.8,15.8,8.7,29.8,44.3,11.3,30.1,11.3,10.149999999999999,6.0,7.8,4.3,35.3,27.8,42.7,9.6,9.6,26.2,26.2,8.8,23.4,61.4,34.8,16.2,40.7,5.9,40.0,87.9,0
13,22673762,43.0,35.5,20.9,26.1,6.3,37.2,40.0,38.9,76.0,46.6,15.7,7.8,7.7,7.9,29.1,29.1,16.7,13.6,23.0,36.0,49.6,78.5,96.0,96.0,7.8,44.4,85.7,89.2,28.5,9.7,3.5,33.6,22.8,19.2,30.1,13.6,10.149999999999999,45.6,56.1,35.2,40.6,41.6,39.7,0.0,0.0,27.6,27.6,2.2,26.3,61.4,49.4,57.9,34.4,100.0,60.9,82.8,0
14,171186372,31.8,23.1,18.1,14.4,16.1,14.7,10.3,5.8,18.4,0.0,15.5,27.4,28.0,26.9,22.8,22.8,10.5,5.8,15.7,14.6,29.4,37.4,18.2,88.9,29.9,0.8,92.7,24.7,26.5,14.9,6.0,49.7,33.7,35.1,73.1,15.7,11.3,25.8,12.6,39.0,41.4,32.9,49.9,0.0,0.0,18.8,18.8,9.4,37.7,61.4,56.0,46.0,11.4,0.0,69.7,88.1,2
15,6465097,40.7,51.9,43.2,28.6,38.0,19.1,48.6,19.4,15.4,53.7,40.9,68.4,84.0,58.0,45.2,45.2,58.8,84.0,29.8,37.6,58.0,75.1,100.0,100.0,55.8,41.9,83.7,86.9,34.5,37.4,25.4,46.7,100.0,23.8,30.1,40.2,2.6,100.0,100.0,100.0,55.8,48.0,63.6,13.9,13.9,49.8,49.8,60.0,58.1,26.4,50.2,100.0,36.9,43.5,63.2,32.8,0
16,1472233,36.125,42.0,45.3,34.7,76.9,6.3,25.0,0.6,10.3,32.8,25.9,56.6,66.5,50.1,58.0,58.0,62.4,90.3,14.1,54.8,42.3,15.3,14.7,14.7,10.3,2.0,85.7,0.0,69.7,100.0,14.5,47.150000000000006,100.0,12.9,30.1,17.6,6.8,59.7,57.4,62.0,33.2,30.0,33.2,88.0,88.0,39.9,39.9,50.9,16.0,80.0,24.7,67.0,30.9,45.3,53.4,0.0,0
17,409984,36.125,56.2,54.0,54.5,67.1,38.6,70.4,65.7,69.7,86.1,86.2,55.0,65.8,47.8,66.3,66.3,36.2,36.5,24.9,46.8,52.1,80.4,100.0,100.0,71.3,68.4,99.4,38.5,55.2,25.1,9.4,69.3,75.3,16.3,21.2,11.5,10.149999999999999,88.1,100.0,76.2,14.0,30.0,14.0,17.4,17.4,61.8,61.8,58.4,39.3,61.4,100.0,87.3,75.8,2.8,51.6,40.4,0
18,3233526,33.0,39.4,38.0,27.8,33.4,20.3,43.5,28.0,30.9,57.0,34.1,61.5,67.8,57.3,42.3,42.3,30.9,34.5,23.8,36.0,34.8,34.1,22.7,32.2,7.8,46.8,88.4,23.3,40.7,45.4,33.7,60.7,100.0,19.2,30.1,13.6,10.149999999999999,56.0,49.1,62.9,21.3,17.6,25.1,1.1,1.1,45.1,45.1,50.4,13.3,63.4,73.6,100.0,39.5,61.4,47.7,27.2,0
19,9208701,24.96666667,48.5,51.1,46.1,70.1,25.6,62.1,26.9,50.1,62.3,65.5,60.5,60.2,60.7,57.0,57.0,49.1,64.2,19.0,36.0,55.4,66.9,80.3,80.3,7.8,27.3,91.4,78.2,42.0,17.7,8.4,58.7,32.7,19.2,30.1,13.6,10.149999999999999,97.8,100.0,95.6,36.4,26.9,45.9,55.8,55.8,39.6,39.6,50.6,43.7,59.7,20.8,100.0,24.9,37.6,29.3,21.1,0
20,405272,53.3,50.0,39.0,37.6,37.0,32.3,51.6,58.0,81.7,72.8,21.2,42.7,47.3,39.6,53.8,53.8,23.4,17.5,10.4,48.1,57.8,91.9,99.3,96.6,100.0,96.8,36.3,89.9,50.4,29.7,6.3,100.0,100.0,20.7,30.1,10.1,34.4,85.9,100.0,71.8,21.5,23.1,19.9,0.4,0.4,47.1,47.1,27.3,37.0,61.4,10.1,62.7,72.4,41.2,23.5,59.3,0
21,12224110,42.175,40.1,35.8,30.0,28.4,26.1,42.4,50.1,93.6,53.0,0.0,40.1,42.5,38.5,43.0,43.0,50.0,57.8,34.4,36.0,52.9,82.6,97.1,96.7,7.8,63.0,75.2,66.8,57.6,13.0,9.5,27.9,19.4,19.2,30.1,13.6,10.149999999999999,22.3,0.0,44.5,66.1,63.3,68.9,3.5,3.5,28.3,28.3,22.7,34.6,66.0,64.1,57.5,19.2,60.0,49.1,25.7,0
22,215313498,52.3,43.6,46.0,44.9,42.1,50.3,41.2,26.2,42.8,54.5,14.1,46.2,47.7,45.2,58.2,58.2,38.7,73.1,2.8,5.8,55.2,78.2,87.3,80.0,100.0,51.7,45.8,70.3,54.2,17.1,10.2,33.9,41.4,22.3,39.2,13.5,11.7,70.4,66.9,73.9,56.5,48.0,65.0,52.4,52.4,29.6,29.6,42.9,44.4,82.2,59.5,100.0,0.0,33.1,24.4,43.2,2
23,281635,36.125,53.2,61.8,65.3,95.8,32.8,100.0,78.8,89.9,91.0,96.9,52.0,58.3,47.8,69.6,69.6,59.0,81.5,10.6,62.4,24.9,13.6,2.8,2.8,0.1,50.4,85.7,0.8,58.8,35.9,14.5,100.0,100.0,19.3,15.7,22.9,10.149999999999999,92.2,100.0,84.4,11.9,30.0,11.9,0.0,0.0,79.9,79.9,76.1,55.0,61.4,92.6,70.5,95.5,66.8,60.9,47.0,0
24,449002,36.125,45.7,68.1,61.7,75.2,57.8,68.8,29.3,54.5,13.7,0.0,85.7,94.3,79.9,67.6,67.6,59.7,85.5,20.0,47.7,38.6,58.5,100.0,100.0,1.2,21.1,0.0,73.9,56.9,20.7,20.7,47.150000000000006,51.3,8.4,30.1,9.6,6.8,70.4,59.4,81.5,14.8,29.6,0.0,5.8,5.8,41.7,41.7,34.0,53.4,59.7,75.8,73.6,44.7,61.2,15.0,0.0,0
25,782455,28.5,42.5,27.2,19.6,18.7,21.7,2.9,22.9,42.3,3.2,13.0,31.2,30.8,31.5,42.6,42.6,43.4,64.3,1.7,36.0,54.9,79.6,100.0,100.0,7.8,37.7,96.6,75.4,39.4,33.3,35.6,44.9,8.2,19.2,30.1,13.6,10.149999999999999,45.4,31.9,58.9,37.3,24.4,50.2,0.0,0.0,36.8,36.8,0.0,61.9,61.4,71.2,53.9,61.4,45.7,44.4,56.6,0
26,2630296,53.3,54.0,21.3,17.1,20.8,7.7,33.6,39.8,45.1,63.2,12.4,20.9,21.9,20.2,39.2,39.2,27.3,30.5,21.0,36.0,61.4,89.3,100.0,100.0,7.8,71.4,96.0,92.3,57.2,58.8,60.8,48.7,57.5,19.2,30.1,13.6,10.149999999999999,37.2,46.8,27.7,10.7,16.7,4.8,0.9,0.9,63.1,63.1,10.7,100.0,61.4,100.0,44.0,100.0,91.9,100.0,48.2,0
27,5579144,43.0,44.9,13.1,19.0,3.0,28.5,13.8,42.3,79.3,21.5,0.0,0.0,0.0,0.0,23.5,23.5,3.4,0.5,9.1,36.0,55.9,80.2,97.0,97.0,7.8,33.7,98.5,78.3,63.5,39.7,29.2,42.6,100.0,19.2,30.1,13.6,10.149999999999999,61.1,62.1,60.1,15.9,10.0,21.9,0.0,0.0,49.5,49.5,50.4,50.3,61.4,82.9,70.0,49.7,48.9,5.1,57.0,0
28,38929902,32.1,50.0,85.9,88.0,100.0,92.2,56.3,19.1,41.0,56.4,57.9,88.1,83.9,90.9,95.6,95.6,59.5,92.3,23.1,30.2,52.5,62.9,63.2,67.8,65.4,28.3,81.3,78.1,78.6,29.8,14.5,52.0,100.0,12.8,17.5,11.9,8.0,100.0,100.0,100.0,42.1,16.9,67.3,67.4,67.4,28.2,28.2,40.8,37.7,73.5,65.2,100.0,0.0,51.0,37.8,2.5,0
29,8769741,33.1,65.9,88.4,84.3,100.0,84.6,49.3,16.9,70.1,55.2,48.7,100.0,100.0,100.0,94.0,94.0,76.4,99.5,30.1,36.0,60.2,62.5,57.9,68.0,7.8,76.4,85.9,46.9,44.3,30.7,23.8,65.3,37.6,19.2,30.1,13.6,10.149999999999999,100.0,100.0,100.0,41.1,34.7,47.6,97.0,97.0,60.5,60.5,71.6,50.7,81.4,84.6,100.0,44.5,74.9,65.6,46.8,0
30,19603733,44.9,46.7,58.0,48.4,59.1,46.4,65.8,6.0,0.1,8.2,28.2,68.1,70.1,66.8,96.8,96.8,46.4,75.7,1.0,33.5,51.2,61.3,61.1,44.7,100.0,32.1,88.4,39.0,64.5,28.4,12.6,100.0,51.8,23.3,30.1,11.8,38.1,74.6,100.0,49.1,47.4,54.7,40.2,71.9,71.9,35.8,35.8,39.9,56.2,29.6,84.5,51.1,22.7,32.3,47.5,41.1,0
31,1412175000,37.93333333,28.4,32.8,20.6,32.9,13.8,22.1,0.0,0.0,0.0,27.8,59.5,61.0,58.4,37.0,37.0,28.6,45.0,24.4,0.1,24.5,9.4,4.6,8.5,1.6,2.1,72.4,2.6,43.7,21.6,17.5,36.5,31.6,17.7,25.6,20.4,3.9,100.0,100.0,100.0,42.4,35.3,49.5,9.4,9.4,30.4,30.4,40.2,43.0,53.4,69.5,100.0,0.0,48.9,89.9,28.0,1
32,28160542,37.2,32.8,19.8,18.2,10.8,16.6,38.7,47.7,69.2,41.8,13.9,17.3,17.7,17.0,44.2,44.2,11.0,5.1,13.3,20.4,46.0,58.2,100.0,98.1,1.0,34.8,32.7,85.7,40.9,55.5,14.5,11.1,100.0,29.3,45.7,25.8,12.5,52.5,69.0,36.0,19.7,7.3,32.0,1.2,1.2,25.1,25.1,0.0,28.7,61.4,69.0,85.4,33.8,20.1,66.5,93.7,0
33,27914536,46.6,30.2,14.3,13.2,14.8,6.1,31.7,38.8,47.4,28.8,4.3,7.8,8.3,7.5,35.6,35.6,15.4,12.3,4.6,32.5,33.0,42.0,57.8,68.3,0.0,29.4,85.4,33.0,56.6,19.1,15.2,37.7,24.1,10.4,30.1,7.2,14.6,62.5,67.9,57.0,44.2,48.0,40.4,0.0,0.0,35.4,35.4,29.6,23.2,100.0,69.5,33.2,33.4,4.3,56.9,86.3,0
34,99010212,42.1,36.9,21.1,25.1,9.9,38.0,23.5,33.0,28.8,14.1,0.0,13.6,13.9,13.4,35.5,35.5,4.1,3.0,6.4,36.0,46.1,68.6,80.6,79.8,7.8,32.0,78.2,65.9,67.3,17.4,11.5,38.0,32.7,19.2,30.1,13.6,10.149999999999999,56.4,60.2,52.6,26.4,21.1,31.7,0.1,0.1,35.1,35.1,45.2,7.3,61.4,63.6,16.9,25.4,20.6,61.3,100.0,2
35,5970424,48.9,40.1,19.7,16.7,18.7,10.1,32.3,42.3,50.7,25.7,0.0,14.6,14.9,14.5,44.4,44.4,23.7,21.7,17.2,34.0,45.6,67.5,98.3,98.3,0.0,60.2,93.3,86.4,67.5,26.5,20.4,31.4,57.9,14.9,30.1,10.1,21.0,62.7,72.3,53.0,34.5,34.7,34.3,8.8,8.8,44.9,44.9,43.8,57.6,59.0,62.9,55.7,46.1,8.1,16.7,54.2,0
36,51874024,51.675,42.4,50.3,44.0,45.8,43.1,66.2,25.9,57.7,41.5,10.6,55.9,64.6,50.1,61.1,61.1,60.3,89.1,28.5,34.4,49.6,77.4,86.0,79.4,100.0,60.7,69.1,41.1,55.8,30.6,16.0,48.8,100.0,6.6,9.6,3.6,10.149999999999999,52.0,55.9,48.2,31.2,40.0,22.3,25.9,25.9,30.2,30.2,30.8,44.0,44.1,72.0,57.7,14.8,50.2,49.4,53.7,0
37,836774,45.3,42.5,31.1,38.4,11.7,48.2,63.7,76.3,89.8,89.0,87.5,15.2,15.0,15.4,46.4,46.4,15.5,0.4,10.1,51.3,49.1,53.9,100.0,100.0,0.7,14.0,0.0,38.5,50.1,35.5,24.8,100.0,51.3,78.4,56.7,100.0,10.149999999999999,59.2,55.8,62.6,37.3,30.0,37.3,10.1,10.1,41.2,41.2,9.0,21.3,58.9,53.6,61.4,76.4,0.0,24.9,98.6,0
38,593149,42.4,41.9,32.6,28.0,30.3,11.7,54.0,78.8,88.3,83.9,96.2,35.6,37.1,34.5,58.7,58.7,24.1,8.6,17.4,61.7,37.9,12.1,16.9,16.9,0.0,2.1,0.0,8.4,43.1,80.8,14.5,61.6,100.0,100.0,100.0,100.0,10.149999999999999,21.4,42.9,0.0,16.7,30.0,16.7,24.7,24.7,51.4,51.4,29.7,44.9,61.4,100.0,49.4,77.4,0.0,36.4,80.1,0
39,5180829,48.26,46.3,55.4,51.4,53.7,51.2,64.6,26.8,51.4,68.2,22.3,66.2,82.5,55.3,53.1,53.1,52.5,77.5,5.4,49.5,46.4,68.5,99.1,98.1,24.3,66.6,73.0,54.4,41.3,22.9,17.7,30.6,46.3,17.5,17.3,17.7,10.149999999999999,84.2,100.0,68.5,21.8,24.2,19.4,7.2,7.2,41.5,41.5,31.1,32.8,59.9,52.2,78.0,43.4,76.9,43.2,61.0,0
40,11212191,36.125,47.5,47.9,50.6,62.7,39.8,59.7,41.7,56.2,77.5,42.3,49.7,55.1,46.0,47.6,47.6,28.6,34.0,25.7,20.7,35.1,46.1,58.9,69.3,15.1,37.5,95.7,38.3,38.1,19.2,8.0,53.8,52.0,13.9,8.2,17.1,17.0,81.3,98.6,64.0,22.7,24.0,21.4,1.7,1.7,61.1,61.1,78.8,62.8,59.8,72.9,59.8,46.7,17.1,72.1,55.7,0
41,1251488,31.86666667,58.0,73.8,68.3,97.0,52.7,36.5,45.5,38.5,67.3,40.9,94.0,97.4,91.7,68.6,68.6,58.9,82.4,17.6,53.4,54.2,78.3,100.0,100.0,85.2,33.4,0.0,87.5,35.5,32.5,21.8,100.0,29.0,6.2,9.2,0.0,10.2,92.5,85.1,100.0,13.9,0.0,27.7,50.0,50.0,53.8,53.8,51.0,51.1,64.9,77.5,100.0,57.5,18.1,46.6,36.8,0
42,10526073,25.5,59.9,63.5,53.3,74.0,42.0,43.4,13.0,40.2,48.3,54.4,76.5,93.5,65.2,75.5,75.5,74.9,93.7,37.3,36.0,64.5,83.3,100.0,100.0,7.8,52.5,87.1,89.4,38.6,19.1,1.8,42.5,100.0,19.2,30.1,13.6,10.149999999999999,100.0,100.0,100.0,37.4,16.0,58.7,61.5,61.5,52.8,52.8,63.6,84.5,62.1,57.3,100.0,29.8,58.5,68.4,21.7,0
43,84079811,31.75,62.4,82.0,75.2,100.0,65.5,49.3,13.4,60.1,56.3,59.6,99.1,100.0,98.6,89.8,89.8,69.0,98.5,49.8,29.5,66.8,88.5,100.0,100.0,100.0,64.3,86.2,89.4,36.2,17.9,11.5,47.8,26.1,26.9,25.5,41.3,10.1,100.0,100.0,100.0,60.9,60.0,61.9,97.0,97.0,47.2,47.2,64.3,73.9,82.8,90.9,100.0,9.1,93.4,60.8,27.5,0
44,1120849,41.6,47.5,21.6,19.6,25.0,6.4,40.7,42.9,62.2,59.7,56.8,18.3,18.6,18.2,45.6,45.6,16.9,3.3,14.9,46.3,36.2,10.8,7.8,7.8,1.8,5.6,90.9,5.3,37.6,100.0,14.5,100.0,100.0,6.5,30.1,6.5,10.149999999999999,74.6,61.0,88.3,49.0,82.2,15.7,0.0,0.0,73.7,73.7,82.1,32.6,61.4,68.8,65.3,74.9,45.3,80.8,80.3,0
45,72737,36.125,51.2,46.2,44.0,45.5,29.8,100.0,74.1,82.9,91.0,82.2,47.6,53.7,43.5,52.1,52.1,48.5,53.6,12.6,74.3,37.6,54.5,80.2,85.0,0.4,75.2,85.7,19.6,48.9,14.3,0.0,100.0,51.3,12.4,30.1,16.5,7.1,87.7,97.3,78.1,17.8,30.0,17.8,0.9,0.9,68.8,68.8,50.5,44.5,70.6,70.2,86.8,99.2,43.4,29.1,60.3,0
46,5903037,27.8,77.9,85.5,80.5,100.0,74.6,45.8,24.1,66.4,65.2,81.2,97.5,99.9,95.8,100.0,100.0,68.3,99.4,35.4,39.1,61.3,76.9,84.8,84.8,100.0,37.5,93.5,76.0,34.4,16.4,10.3,41.8,27.1,10.9,17.9,5.1,9.5,100.0,100.0,100.0,75.7,78.4,73.0,100.0,100.0,92.4,92.4,100.0,57.5,100.0,67.0,100.0,100.0,72.0,88.6,34.4,0
47,11228821,40.925,42.2,33.0,33.5,37.7,26.4,67.1,20.5,57.3,62.5,29.6,39.0,44.7,35.2,29.5,29.5,18.2,21.1,11.6,18.9,51.8,80.7,91.5,99.0,100.0,49.6,64.8,51.2,38.5,16.9,9.5,49.2,29.0,51.4,78.5,24.3,10.149999999999999,54.9,54.3,55.5,23.3,22.4,24.2,5.8,5.8,36.5,36.5,32.6,34.1,61.4,51.9,56.2,33.1,44.7,66.1,56.9,0
48,44903225,27.6,29.6,42.0,39.4,78.4,12.1,35.6,8.2,27.6,39.9,30.7,53.3,59.6,49.1,38.3,38.3,32.0,53.2,11.0,10.5,31.6,22.7,7.1,29.2,0.2,8.0,80.8,74.4,59.7,23.7,5.1,58.4,100.0,18.5,31.7,12.4,9.3,70.8,95.9,45.7,63.3,81.8,44.8,33.1,33.1,20.9,20.9,18.8,36.1,76.5,46.3,63.9,8.6,13.3,23.1,40.6,0
49,18001000,45.94,46.5,46.9,44.1,49.7,38.8,69.8,27.2,69.9,47.8,14.5,50.3,55.6,46.7,62.3,62.3,38.5,49.3,28.0,27.5,49.2,75.2,91.0,77.4,100.0,43.1,74.4,40.2,49.6,25.8,21.0,37.0,43.9,19.2,22.7,15.7,10.149999999999999,79.9,100.0,59.7,23.1,17.1,29.2,0.0,0.0,43.2,43.2,41.2,58.5,60.2,99.9,77.9,30.7,62.4,50.7,55.2,0
50,110990103,31.9,35.5,31.5,34.6,84.4,0.0,26.8,0.9,4.6,15.1,39.0,36.7,36.7,36.7,13.1,13.1,19.8,24.2,26.6,4.3,43.7,42.5,75.4,42.4,10.3,18.9,97.0,41.4,63.5,55.1,48.3,100.0,51.3,10.6,17.2,8.1,5.2,73.8,84.5,63.2,38.6,24.2,53.0,42.0,42.0,28.5,28.5,33.4,53.4,71.6,63.8,51.9,8.2,0.0,49.9,59.2,2
51,3684032,36.125,31.7,17.5,19.3,10.5,21.0,32.8,34.9,65.2,39.9,22.4,6.4,6.3,6.4,37.8,37.8,15.3,0.1,6.8,54.4,30.6,8.8,0.0,0.0,0.0,11.9,97.3,18.2,34.6,90.1,100.0,69.5,51.5,22.7,41.9,3.5,10.149999999999999,58.1,56.0,60.1,14.9,7.6,22.3,0.0,0.0,40.4,40.4,23.4,36.6,61.4,61.1,63.0,55.3,27.4,31.4,77.5,0
52,47615034,34.63333333,56.6,78.1,74.0,80.8,79.6,40.2,21.3,44.1,63.0,45.5,96.9,100.0,94.8,70.5,70.5,61.4,94.0,27.7,29.7,60.3,85.8,100.0,100.0,100.0,51.7,90.2,80.8,32.8,13.4,8.6,33.6,21.8,16.4,20.3,21.3,5.0,100.0,100.0,100.0,31.8,27.3,36.2,91.1,91.1,41.3,41.3,52.7,50.3,100.0,67.6,100.0,16.6,25.6,53.6,38.1,0
53,1344768,30.6,61.4,71.8,74.6,59.8,93.2,76.2,25.8,37.9,59.1,72.0,61.9,66.1,59.2,86.5,86.5,66.7,90.3,39.1,47.2,65.0,86.0,100.0,100.0,100.0,42.0,78.3,86.6,49.0,15.2,3.0,36.4,67.3,40.8,89.2,10.2,17.9,100.0,100.0,100.0,61.8,71.8,51.8,70.4,70.4,52.0,52.0,55.0,44.1,70.3,64.6,88.3,47.9,39.8,72.1,10.4,0
54,123379924,35.0,31.8,25.3,33.7,10.7,52.2,35.9,30.2,70.6,24.4,13.0,11.0,10.6,11.3,35.2,35.2,5.0,1.0,12.8,36.0,45.6,59.2,77.3,64.6,7.8,30.2,95.5,52.6,39.6,27.6,25.1,40.5,29.2,19.2,30.1,13.6,10.149999999999999,43.6,50.8,36.3,56.9,60.4,53.3,0.1,0.1,19.9,19.9,0.0,27.1,59.0,38.8,52.3,14.8,48.2,95.3,86.2,2
55,5556880,27.36666667,76.5,93.4,93.5,100.0,100.0,79.6,13.1,68.6,64.5,77.6,100.0,100.0,100.0,100.0,100.0,69.6,98.3,35.4,46.5,62.0,71.1,73.3,73.4,100.0,26.2,61.8,70.3,60.8,20.1,4.6,100.0,33.2,42.4,73.9,11.0,10.149999999999999,100.0,100.0,100.0,62.7,73.1,52.4,100.0,100.0,83.6,83.6,88.7,72.5,92.0,95.5,100.0,88.4,49.1,70.5,18.5,0
56,929766,30.7,31.3,36.3,30.3,22.6,22.7,78.1,76.2,64.1,100.0,50.0,34.7,38.8,32.0,76.1,76.1,34.0,36.2,16.1,47.6,21.0,16.4,14.4,9.0,9.5,0.0,88.7,7.1,72.3,22.7,22.7,47.150000000000006,51.3,32.3,49.6,15.0,10.149999999999999,46.9,37.3,56.5,11.1,30.0,11.1,3.9,3.9,40.0,40.0,0.0,100.0,61.4,100.0,92.1,60.1,25.9,34.0,54.1,0
57,67935660,31.43333333,62.5,83.9,82.0,100.0,78.4,61.5,18.1,60.1,56.7,57.1,96.3,100.0,93.8,83.1,83.1,63.8,96.9,31.6,29.6,64.0,86.5,100.0,100.0,100.0,60.0,88.7,72.5,36.6,21.5,15.7,50.9,26.7,19.5,30.1,15.3,11.3,100.0,100.0,100.0,49.5,33.8,65.2,88.0,88.0,49.5,49.5,66.1,67.1,91.9,73.7,100.0,16.3,77.3,57.4,38.7,0
58,114164,40.1,37.4,31.9,31.6,17.4,22.2,100.0,100.0,100.0,95.8,100.0,35.5,39.4,33.0,40.9,40.9,14.9,2.8,15.2,39.1,29.4,3.6,0.0,0.0,0.1,2.9,85.7,0.0,37.3,100.0,100.0,47.150000000000006,51.3,0.0,0.0,13.6,10.149999999999999,50.5,34.2,66.9,19.4,30.0,19.4,6.6,6.6,49.2,49.2,14.1,32.4,61.4,48.1,79.8,89.8,45.3,0.0,71.3,0
59,2388992,38.0,49.7,29.4,25.7,42.1,5.8,52.6,49.9,71.0,42.3,8.0,27.7,28.4,27.2,53.4,53.4,30.5,28.1,22.4,43.5,53.3,85.1,89.9,95.2,100.0,45.2,96.6,87.4,65.9,37.7,28.3,31.3,100.0,7.0,2.6,12.8,5.2,66.1,73.1,59.2,26.2,31.8,20.6,0.0,0.0,56.3,56.3,50.3,88.0,60.6,49.7,65.2,56.2,26.3,81.2,34.8,0
60,66971411,33.03333333,77.7,83.9,78.6,100.0,71.0,68.3,10.8,48.6,62.0,71.5,100.0,100.0,100.0,93.6,93.6,62.6,96.0,34.2,24.4,62.3,81.5,98.4,97.9,100.0,53.1,92.1,31.8,36.8,23.6,11.1,64.8,57.8,17.0,31.1,8.9,9.2,100.0,100.0,100.0,45.0,35.8,54.3,99.0,99.0,91.5,91.5,97.5,71.8,82.4,71.0,100.0,100.0,55.3,84.7,38.5,0
61,3712502,35.25,39.1,37.5,27.9,29.2,23.1,40.0,30.3,44.9,61.9,36.7,51.7,50.8,52.3,49.3,49.3,43.1,49.5,19.6,53.7,35.7,40.4,64.3,64.9,0.0,26.6,95.4,25.4,38.7,51.2,54.4,41.5,41.6,13.2,30.1,9.6,17.8,17.3,34.5,0.0,22.0,27.1,16.9,46.6,46.6,43.6,43.6,26.7,54.9,100.0,72.5,44.1,43.2,98.5,52.5,50.8,0
62,33475870,43.5,27.7,20.5,15.3,17.8,6.9,31.4,39.0,62.1,32.8,18.9,20.9,21.5,20.4,54.6,54.6,13.6,4.9,13.3,31.5,34.7,52.9,76.9,82.8,1.1,37.5,84.5,77.2,38.1,10.3,1.8,16.5,55.3,12.8,13.1,10.3,15.8,65.3,73.0,57.7,22.1,3.1,41.0,3.0,3.0,23.8,23.8,11.6,2.9,59.6,45.3,52.1,29.6,5.0,40.9,90.0,0
63,13859341,29.6,31.6,19.5,21.0,6.3,29.6,32.2,33.3,61.7,24.9,4.9,11.3,11.7,11.0,32.3,32.3,18.9,3.0,23.9,45.9,38.7,60.6,99.7,88.2,0.0,54.0,83.2,59.8,48.4,13.9,0.0,11.4,100.0,22.0,43.4,11.3,8.2,47.6,58.2,37.1,31.2,27.3,35.0,0.0,0.0,30.0,30.0,23.5,16.3,61.4,26.4,57.6,35.0,0.0,59.7,72.6,0
64,2705992,38.8,36.4,21.3,20.7,10.6,24.0,35.6,37.8,28.5,49.1,31.7,19.2,19.6,19.0,36.5,36.5,14.5,0.6,13.0,43.7,34.6,42.2,42.8,90.8,0.0,34.1,90.2,34.9,28.7,28.5,14.2,100.0,42.5,12.5,30.1,7.3,19.3,58.2,61.1,55.4,36.4,36.7,36.1,7.9,7.9,46.5,46.5,17.9,42.6,61.4,73.1,53.6,67.4,77.9,43.2,96.6,0
65,2105566,34.8,40.2,16.6,19.4,6.6,24.2,31.3,45.2,51.1,45.9,14.2,6.8,7.0,6.6,28.0,28.0,14.3,0.4,10.1,46.2,51.2,76.2,100.0,100.0,53.1,51.8,69.5,81.6,48.3,28.3,4.4,100.0,100.0,33.0,72.9,5.7,16.8,62.9,58.2,67.7,34.1,40.7,27.5,0.0,0.0,40.5,40.5,18.1,30.5,61.4,56.7,62.6,63.4,0.0,48.7,82.8,0
66,1674908,36.125,44.8,29.5,22.9,32.7,7.5,39.3,59.2,65.1,48.4,16.9,33.2,38.6,29.6,39.5,39.5,46.5,49.5,23.9,63.1,44.1,62.5,100.0,100.0,1.9,31.8,82.2,70.0,61.0,29.1,18.1,100.0,24.6,21.9,32.5,22.5,7.6,69.8,66.6,72.9,25.4,22.7,28.1,1.2,1.2,53.6,53.6,58.9,55.3,61.4,87.5,83.4,52.6,33.2,18.3,19.0,0
67,10566531,33.2,56.2,71.5,62.0,83.4,51.4,46.2,25.0,36.5,59.8,45.6,98.2,95.4,100.0,68.6,68.6,59.9,90.5,22.4,36.3,53.9,69.1,100.0,100.0,40.5,33.7,89.7,68.8,33.5,28.1,23.5,45.1,38.5,15.6,4.5,34.5,5.8,78.7,80.2,77.1,38.9,25.1,52.6,81.7,81.7,50.8,50.8,55.8,62.5,78.1,96.1,100.0,33.9,74.1,43.8,32.5,0
68,125438,36.125,47.9,45.0,43.5,53.9,22.5,84.3,79.1,86.5,89.8,91.6,47.1,51.2,44.4,41.3,41.3,51.1,59.5,15.1,70.4,33.1,29.0,48.1,14.6,1.2,67.1,85.7,12.5,43.8,35.8,25.1,100.0,51.3,14.6,30.1,14.6,10.149999999999999,87.4,100.0,74.9,28.9,30.0,28.9,15.1,15.1,65.7,65.7,40.7,42.6,76.7,84.0,72.6,90.9,100.0,58.7,61.5,0
69,17357886,48.3,28.0,28.1,29.1,21.7,33.3,62.8,18.7,38.6,32.6,1.1,28.3,29.9,27.2,30.1,30.1,20.6,21.8,10.4,28.4,29.0,41.3,76.7,50.6,0.2,50.1,0.0,29.9,42.2,12.3,4.2,29.9,43.8,25.5,50.7,13.7,8.4,33.5,37.3,29.7,23.7,18.7,28.7,6.8,6.8,26.7,26.7,12.2,23.8,60.1,51.4,37.7,30.6,49.7,28.0,70.7,0
70,808726,45.1,38.5,32.3,32.1,39.0,10.7,100.0,87.5,97.0,81.5,21.2,35.3,39.4,32.6,24.4,24.4,33.7,35.2,23.0,41.5,40.2,46.1,48.9,56.5,0.0,81.6,94.5,36.1,69.0,31.5,30.0,37.0,34.8,14.6,18.7,10.5,10.149999999999999,81.2,100.0,62.4,52.6,64.9,40.2,0.0,0.0,40.0,40.0,25.1,25.4,61.4,67.7,71.5,56.0,31.4,38.0,37.0,0
71,10432860,48.55,36.5,30.0,31.3,19.5,39.6,38.1,31.7,54.5,52.6,0.0,31.8,33.2,30.9,20.2,20.2,28.4,35.3,10.3,32.8,40.9,60.7,77.5,77.9,43.8,56.2,24.7,51.0,44.3,22.7,3.6,59.8,100.0,26.8,40.1,10.8,30.2,51.1,66.5,35.6,24.2,20.9,27.5,3.1,3.1,35.0,35.0,28.1,32.3,61.4,44.0,39.5,39.1,27.7,43.1,71.0,0
72,3854000,29.36666667,60.2,55.7,45.8,58.0,39.1,41.6,20.8,40.4,50.3,35.4,70.3,80.7,63.3,74.2,74.2,55.3,77.3,20.0,46.7,65.6,81.5,100.0,100.0,79.4,47.8,89.0,90.1,33.5,34.4,20.8,50.4,100.0,26.0,59.2,4.0,11.7,100.0,100.0,100.0,68.9,72.4,65.4,69.0,69.0,56.6,56.6,56.1,70.1,74.6,78.2,100.0,49.9,46.1,58.0,40.9,0
73,11584996,41.1,26.1,21.1,28.2,8.0,40.3,39.7,29.1,75.2,54.9,32.4,14.1,14.4,13.9,11.7,11.7,9.4,4.5,9.1,19.5,26.9,35.4,43.6,58.6,6.9,40.4,44.4,14.0,37.3,20.4,9.8,64.3,40.1,33.5,53.2,13.8,10.149999999999999,19.8,10.8,28.8,15.7,0.0,31.4,7.1,7.1,27.9,27.9,4.4,34.7,61.4,57.5,55.2,44.0,10.2,26.8,88.8,0
74,9683505,29.76666667,55.1,47.6,38.2,43.5,35.3,35.8,18.5,30.4,53.1,48.8,62.2,64.7,60.6,67.4,67.4,43.4,49.6,31.0,36.0,65.0,78.0,100.0,100.0,7.8,33.1,88.6,84.4,25.2,28.0,11.1,57.2,100.0,19.2,30.1,13.6,10.149999999999999,100.0,100.0,100.0,53.0,32.9,73.1,55.3,55.3,48.1,48.1,49.6,90.0,60.8,46.3,100.0,31.8,41.8,60.4,37.2,0
75,275501339,37.88,28.2,25.3,21.5,23.4,19.6,36.3,17.9,20.7,17.4,12.2,28.5,33.9,24.9,34.0,34.0,29.5,51.4,15.2,0.0,34.1,51.2,66.2,83.3,29.6,15.9,47.1,42.6,51.5,13.6,8.2,46.0,51.3,16.3,35.4,5.6,5.7,43.9,48.5,39.3,36.7,21.6,51.8,0.0,0.0,23.2,23.2,27.4,21.7,93.0,43.2,54.3,0.0,56.2,53.2,55.1,2
76,1417173173,34.65,18.9,12.5,7.8,18.6,0.0,0.0,3.3,9.5,0.0,19.4,19.5,21.4,18.3,20.6,20.6,12.9,17.0,17.8,0.0,19.3,5.8,1.2,2.1,0.3,0.5,86.0,0.3,30.5,25.0,17.2,35.1,62.0,24.5,54.0,11.5,3.5,54.4,51.5,57.4,40.0,45.3,34.7,2.2,2.2,21.7,21.7,17.6,48.0,64.2,60.7,100.0,0.0,17.4,65.9,66.8,1
77,5086988,30.2,57.4,88.3,89.1,100.0,88.0,84.0,34.4,59.6,71.0,84.7,97.4,93.5,100.0,81.8,81.8,67.9,93.9,42.4,41.4,50.9,59.6,82.9,82.9,21.3,42.5,96.9,72.7,40.2,17.4,7.8,56.4,35.8,18.2,25.9,13.1,14.9,95.4,100.0,90.7,48.7,50.0,47.3,87.0,87.0,48.2,48.2,53.1,38.5,87.1,65.7,100.0,32.9,55.9,100.0,17.5,0
78,88550570,41.45,34.5,41.9,41.6,82.2,17.2,31.6,0.0,7.4,6.9,22.0,53.7,60.9,48.8,26.9,26.9,28.7,39.2,16.8,19.4,40.6,27.3,40.9,35.2,1.2,10.6,95.8,27.3,44.8,67.0,62.6,60.4,100.0,23.4,38.7,5.9,26.1,89.4,100.0,78.8,47.7,61.6,33.8,3.7,3.7,24.0,24.0,28.2,20.3,91.8,87.3,100.0,0.0,87.8,9.7,20.1,0
79,44496122,29.5,27.8,35.0,31.8,75.2,0.0,42.7,4.0,12.0,19.7,22.9,49.7,55.5,45.9,29.1,29.1,21.1,23.9,15.4,36.0,41.6,28.3,8.6,49.8,7.8,4.3,98.1,17.8,50.6,70.2,77.7,48.0,47.6,19.2,30.1,13.6,10.149999999999999,56.3,53.1,59.5,51.4,65.3,37.4,13.1,13.1,8.8,8.8,1.9,0.0,74.6,55.7,92.3,0.7,14.2,9.7,26.6,0
80,381900,26.1,62.8,94.7,96.0,100.0,100.0,65.8,63.8,84.5,73.7,95.6,100.0,100.0,100.0,95.1,95.1,73.9,91.9,55.5,56.4,53.4,57.0,81.0,81.0,4.0,53.6,100.0,44.8,74.0,77.4,14.5,65.2,89.6,19.2,24.2,22.9,8.1,95.8,91.5,100.0,18.5,30.0,18.5,15.3,15.3,56.4,56.4,49.1,50.3,68.7,60.9,100.0,62.4,45.3,66.2,16.4,0
81,9550600,38.6,48.2,76.0,68.0,99.8,56.9,44.0,0.0,0.0,13.7,41.0,92.9,91.5,93.8,91.1,91.1,62.7,92.0,30.4,36.6,42.5,39.7,76.9,51.1,0.3,17.7,77.0,39.9,39.4,42.2,23.0,100.0,99.7,27.6,30.1,45.8,4.2,58.5,100.0,17.1,28.8,22.7,34.9,81.7,81.7,39.8,39.8,55.8,0.4,34.1,64.1,95.2,27.1,42.4,59.7,26.2,0
82,58856847,35.0,57.7,76.9,69.4,89.8,63.4,43.9,12.5,50.4,48.9,43.8,98.3,99.1,97.8,80.6,80.6,60.6,91.3,39.9,19.9,57.2,76.5,100.0,100.0,66.7,48.0,89.2,65.9,31.0,26.1,16.6,45.2,63.7,16.8,9.1,34.2,4.5,100.0,100.0,100.0,38.8,20.7,56.8,58.8,58.8,48.2,48.2,64.6,62.2,69.7,87.7,100.0,22.6,30.1,54.0,38.1,0
83,2827377,45.5,45.6,41.8,39.8,42.5,36.1,52.6,29.1,40.7,67.1,44.1,49.4,52.4,47.3,48.2,48.2,28.0,32.4,15.0,32.4,39.8,53.2,86.1,96.9,1.5,37.3,53.8,27.3,39.0,30.1,19.7,70.7,52.3,16.9,19.7,14.2,10.149999999999999,69.1,70.9,67.4,25.3,28.2,22.4,3.0,3.0,54.1,54.1,48.5,57.7,58.5,89.7,73.5,55.1,65.4,38.7,61.3,0
84,11285869,33.7,43.6,52.2,50.7,100.0,20.1,43.0,1.0,0.0,23.0,36.3,62.7,75.2,54.4,46.1,46.1,40.0,52.7,14.6,36.0,40.3,24.1,21.6,14.5,7.8,15.2,92.1,17.8,54.3,63.2,50.9,100.0,99.8,19.2,30.1,13.6,10.149999999999999,75.3,100.0,50.7,48.9,72.9,25.0,18.6,18.6,42.8,42.8,49.6,7.3,58.6,38.1,11.6,40.1,72.5,46.4,66.8,0
85,125124989,32.9,57.2,82.5,78.9,100.0,73.8,63.8,13.4,33.5,51.6,43.5,95.1,100.0,91.8,100.0,100.0,52.8,92.7,11.5,14.2,59.6,80.8,100.0,100.0,100.0,24.2,68.8,62.0,44.2,26.8,23.7,34.5,37.9,15.6,5.6,27.1,13.7,100.0,100.0,100.0,33.4,10.9,55.9,74.8,74.8,41.2,41.2,63.0,82.5,51.3,100.0,100.0,0.0,59.8,46.5,24.7,2
86,19621972,27.8,40.9,37.5,28.6,40.5,17.4,23.9,25.1,33.3,60.2,53.3,55.2,54.0,56.0,52.2,52.2,27.7,39.6,3.8,36.0,48.1,48.6,56.3,52.8,7.8,15.0,97.2,56.1,48.9,40.1,42.5,30.2,35.3,19.2,30.1,13.6,10.149999999999999,64.7,65.5,63.9,60.5,75.3,45.6,27.5,27.5,34.9,34.9,45.7,30.7,74.5,45.3,72.2,10.2,100.0,60.4,5.2,0
87,54027487,37.45,30.8,26.2,30.0,14.0,42.9,41.8,22.3,48.8,13.8,16.6,13.7,13.7,13.7,49.9,49.9,13.3,7.3,19.9,18.9,34.6,46.4,70.1,67.5,3.7,34.9,85.4,56.6,37.2,17.7,14.1,25.4,31.4,16.4,28.8,3.9,10.149999999999999,71.0,100.0,42.0,27.1,18.2,35.9,1.1,1.1,29.0,29.0,18.7,29.2,62.5,52.6,34.3,23.3,60.1,62.8,81.6,0
88,6803300,28.8,35.7,29.1,23.5,26.8,18.7,20.7,18.7,40.0,59.3,46.0,45.6,42.9,47.3,40.2,40.2,7.2,3.4,14.6,36.0,40.4,28.5,20.7,22.3,7.8,33.9,93.5,16.8,47.1,61.7,65.4,40.1,51.3,19.2,30.1,13.6,10.149999999999999,66.5,48.5,84.6,49.0,45.6,52.4,8.6,8.6,34.0,34.0,20.5,8.1,60.1,51.8,52.2,39.0,100.0,37.5,63.8,0
89,16767842,36.125,30.1,27.6,25.9,11.4,35.5,39.9,29.0,45.4,36.9,6.8,34.3,35.8,33.3,34.5,34.5,13.7,3.8,12.4,34.8,37.5,65.8,100.0,100.0,9.6,57.9,26.9,89.7,35.8,9.7,2.3,33.8,29.7,11.3,11.6,19.5,0.4,17.6,20.5,14.8,45.9,32.9,59.0,0.0,0.0,23.3,23.3,0.0,45.7,61.4,56.2,33.9,28.6,49.8,61.0,65.7,0
90,131232,27.8,49.0,27.2,32.1,6.7,38.8,26.1,100.0,100.0,100.0,100.0,16.3,17.5,15.6,36.5,36.5,18.2,0.8,15.4,55.7,52.7,72.6,100.0,100.0,100.0,0.0,85.7,0.0,46.8,26.7,14.5,47.150000000000006,51.3,21.5,39.1,3.9,10.149999999999999,64.9,35.7,94.1,26.5,30.0,26.5,4.5,4.5,56.3,56.3,17.9,27.4,61.4,49.2,99.6,99.0,45.3,27.8,96.3,0
91,51628117,31.4,46.9,73.3,62.9,100.0,47.2,44.4,0.0,0.0,0.0,19.9,90.8,100.0,84.6,88.4,88.4,72.0,97.9,67.1,24.9,48.8,61.0,98.3,98.3,17.2,19.7,78.8,61.1,41.6,17.7,16.4,13.0,30.8,12.8,14.1,16.6,6.5,84.3,100.0,68.6,44.1,36.4,51.7,76.8,76.8,30.9,30.9,42.0,40.3,87.2,67.1,100.0,1.7,53.1,49.9,16.6,0
92,4268873,36.125,42.4,51.5,47.0,97.9,14.7,46.9,0.0,0.0,18.3,11.2,67.5,82.9,57.2,56.1,56.1,32.3,49.5,15.4,14.6,47.1,60.0,98.4,98.4,1.2,15.2,91.7,82.6,53.2,29.0,14.5,47.150000000000006,29.0,18.6,30.1,18.6,10.149999999999999,71.6,73.9,69.4,39.5,34.0,44.9,43.1,43.1,32.3,32.3,39.9,32.9,71.5,37.9,83.7,19.3,45.3,28.6,0.0,0
93,7529475,38.8,30.7,24.2,22.6,9.5,33.5,28.0,23.9,46.1,0.0,0.0,26.6,27.2,26.1,34.1,34.1,16.7,17.5,15.1,36.0,46.9,74.9,100.0,100.0,7.8,30.5,7.0,65.4,47.0,17.2,0.8,32.4,100.0,19.2,30.1,13.6,10.149999999999999,13.3,20.6,6.0,49.1,29.1,69.2,0.0,0.0,16.2,16.2,0.0,24.0,61.4,41.0,67.1,25.3,14.0,0.0,45.9,0
94,5489739,31.8,32.2,46.3,41.2,79.7,15.6,41.3,2.7,9.4,20.8,45.0,59.8,79.4,46.8,43.0,43.0,44.4,65.7,15.0,31.1,20.4,12.8,11.0,11.0,2.2,13.8,84.7,5.6,32.5,26.4,14.2,100.0,51.3,15.4,30.1,16.1,14.6,37.9,32.6,43.2,17.5,0.9,34.1,38.2,38.2,37.9,37.9,43.8,11.8,61.4,25.9,0.0,39.9,53.4,25.1,58.3,0
95,5302681,35.3,24.9,22.9,28.3,11.6,36.2,48.6,47.4,76.2,39.3,15.9,9.9,10.5,9.5,36.7,36.7,11.9,0.5,7.9,38.7,20.9,26.8,21.3,55.7,1.0,24.1,42.3,15.9,43.9,2.4,0.0,0.9,17.9,20.7,31.0,13.2,17.0,45.5,56.1,34.9,22.4,18.7,26.2,0.0,0.0,30.5,30.5,4.2,16.2,58.7,29.7,58.8,55.9,0.0,10.2,100.0,0
96,179857,51.2,49.4,47.3,46.0,53.4,27.8,100.0,73.4,76.8,90.8,87.4,45.4,50.3,42.2,51.2,51.2,55.4,73.8,13.3,60.9,36.4,36.7,59.6,29.5,1.8,66.6,85.7,24.0,51.1,38.9,28.9,47.150000000000006,98.8,26.2,30.1,16.3,39.1,89.8,100.0,79.5,6.4,30.0,6.4,14.0,14.0,64.8,64.8,44.5,47.7,81.3,83.4,64.2,88.5,73.3,37.6,66.5,0
97,22181000,37.7,34.7,39.0,32.5,27.3,37.4,46.9,19.5,21.8,30.2,23.2,48.5,51.1,46.7,71.6,71.6,19.1,12.9,24.5,26.0,40.1,57.5,90.7,98.2,0.7,52.4,73.0,37.5,35.1,30.6,18.2,37.5,98.4,31.8,43.5,20.1,10.149999999999999,29.5,18.0,40.9,31.6,30.0,33.2,0.0,0.0,26.4,26.4,0.0,54.8,61.4,100.0,91.2,30.8,38.9,39.1,80.4,0
98,2305825,44.9,32.3,10.9,11.1,10.2,8.7,20.6,13.0,17.1,43.8,24.0,7.3,7.4,7.2,24.5,24.5,5.9,2.9,11.9,36.0,23.5,13.7,2.8,2.8,7.8,26.1,94.4,1.8,36.1,28.3,29.0,30.2,22.1,19.2,30.1,13.6,10.149999999999999,53.1,87.3,18.9,45.5,63.6,27.4,0.3,0.3,53.3,53.3,43.5,51.2,61.4,100.0,77.0,63.5,10.6,46.9,74.3,0
99,2833000,35.66666667,55.9,61.8,58.4,64.3,54.5,74.6,31.5,51.5,57.4,71.4,58.4,59.9,57.4,83.0,83.0,67.4,88.7,34.9,57.4,61.0,84.4,99.7,99.7,100.0,35.7,90.8,83.7,41.2,21.9,6.9,87.2,46.7,13.4,30.1,19.0,6.2,95.5,100.0,91.1,65.6,67.1,64.1,52.3,52.3,47.1,47.1,44.8,84.5,41.5,65.2,55.2,39.9,48.5,56.2,26.0,0
100,650774,34.33333333,72.3,86.7,81.0,100.0,77.5,51.2,14.8,66.2,53.4,58.0,98.7,100.0,97.8,95.1,95.1,79.1,97.6,42.0,36.0,70.0,84.8,100.0,100.0,7.8,74.8,0.0,92.0,41.8,18.1,14.0,43.2,51.3,19.2,30.1,13.6,10.149999999999999,100.0,100.0,100.0,55.9,69.6,42.2,98.0,98.0,67.4,67.4,70.3,61.9,75.3,91.3,100.0,63.8,69.4,82.0,9.1,0
101,1883379,35.1,61.1,56.9,51.1,54.9,46.5,73.8,32.6,56.4,55.6,69.1,59.1,61.1,57.7,77.5,77.5,63.0,85.9,31.3,48.8,65.4,84.3,100.0,100.0,100.0,37.2,76.1,77.4,47.2,15.8,3.8,36.0,68.1,38.4,61.9,15.5,37.6,95.0,94.5,95.5,64.4,66.0,62.8,90.7,90.7,58.6,58.6,64.0,49.2,71.6,57.9,97.6,52.5,56.5,65.6,36.8,0
102,37457971,39.5,28.4,28.6,22.7,44.4,3.5,32.2,16.3,23.6,44.9,35.5,40.9,47.2,36.7,28.4,28.4,30.8,38.7,25.4,20.6,27.2,16.6,12.1,10.5,2.3,23.5,80.8,19.9,46.5,20.1,18.9,31.9,15.2,21.2,45.9,11.6,1.9,90.9,100.0,81.9,49.0,59.1,38.9,5.4,5.4,29.5,29.5,34.6,27.9,26.0,56.1,44.5,21.9,0.0,43.0,65.4,0
103,2592477,25.8,42.7,42.0,40.5,46.6,33.9,56.7,29.0,31.0,62.1,62.6,50.0,48.9,50.8,54.0,54.0,17.7,8.2,36.9,36.0,42.9,49.8,62.3,63.5,7.8,13.1,80.7,53.6,26.6,33.5,20.7,44.2,100.0,19.2,30.1,13.6,10.149999999999999,63.3,63.2,63.4,36.0,21.1,50.8,9.2,9.2,42.9,42.9,33.9,54.7,51.7,21.6,48.8,51.2,0.0,52.2,59.4,0
104,29611714,42.6,28.0,24.4,33.6,7.6,50.0,44.2,45.5,85.8,62.2,17.0,6.0,5.7,6.2,32.4,32.4,11.2,2.1,9.2,31.4,29.5,31.0,42.7,38.4,7.8,33.0,0.0,33.7,45.7,21.8,0.6,70.5,100.0,30.2,51.8,8.7,30.1,52.6,54.4,50.8,35.9,21.3,50.5,0.0,0.0,28.4,28.4,0.0,52.0,60.5,71.4,58.5,38.7,0.0,59.0,91.1,0
105,523787,29.3,37.4,48.5,52.0,40.4,55.4,26.3,96.3,95.6,75.5,92.8,47.8,53.3,44.2,54.7,54.7,25.0,13.0,20.9,52.9,35.7,11.3,10.4,10.4,0.7,10.4,85.7,1.1,56.9,100.0,100.0,47.150000000000006,51.3,56.7,13.4,100.0,10.149999999999999,36.0,40.3,31.8,14.1,30.0,14.1,3.8,3.8,33.5,33.5,7.8,10.4,61.4,0.4,28.1,65.2,45.3,31.0,60.7,0
106,127504125,46.05,45.5,40.9,34.2,39.4,34.4,38.8,9.2,0.0,28.5,10.4,52.9,57.2,50.0,45.1,45.1,43.5,74.6,9.6,15.2,53.7,69.8,80.5,85.2,100.0,19.2,67.9,30.0,44.2,32.7,13.5,81.2,100.0,19.8,34.5,11.6,11.3,90.1,80.1,100.0,50.6,62.4,38.8,25.2,25.2,38.9,38.9,57.0,48.7,75.8,62.8,100.0,5.3,48.7,60.8,42.3,2
107,41569,35.5,36.2,35.8,34.9,17.0,29.5,100.0,100.0,100.0,98.6,100.0,32.3,35.3,30.3,46.0,46.0,38.8,21.5,39.7,72.5,18.7,8.0,5.0,5.0,2.4,12.9,85.7,2.2,36.8,26.7,14.5,47.150000000000006,51.3,44.2,80.8,7.6,10.149999999999999,51.4,35.2,67.6,1.7,30.0,1.7,6.6,6.6,55.8,55.8,29.5,20.5,61.4,49.6,74.0,93.8,45.3,14.9,56.8,0
108,2057679,33.25,54.3,36.5,22.6,34.4,8.2,56.9,21.0,19.8,55.2,38.5,61.1,65.4,58.3,46.1,46.1,42.1,60.8,4.9,36.0,48.7,57.9,62.9,77.4,7.8,37.0,76.5,40.4,38.3,24.0,23.3,27.2,24.5,19.2,30.1,13.6,10.149999999999999,100.0,100.0,100.0,41.9,42.9,40.9,0.8,0.8,69.8,69.8,74.8,62.8,63.8,76.2,60.2,65.0,100.0,77.8,47.2,0
109,22593590,36.0,28.5,20.4,26.7,6.9,38.1,30.8,41.8,83.8,52.6,10.9,8.3,8.3,8.3,31.9,31.9,4.5,1.5,10.4,36.0,38.4,46.9,30.7,62.0,7.8,17.3,97.0,75.4,53.6,26.5,8.6,100.0,60.2,19.2,30.1,13.6,10.149999999999999,61.1,62.6,59.5,30.7,18.0,43.4,0.0,0.0,21.9,21.9,5.4,13.1,61.4,26.3,58.6,29.7,44.3,38.3,73.6,0
110,523417,30.36666667,75.2,76.5,73.2,96.3,61.3,45.2,36.8,48.7,71.2,83.6,99.8,99.5,100.0,49.9,49.9,63.5,91.8,10.5,59.7,68.2,72.9,100.0,100.0,78.1,14.1,85.7,34.3,50.7,100.0,100.0,47.150000000000006,51.3,47.8,32.5,100.0,0.5,100.0,100.0,100.0,28.3,30.0,28.3,0.0,0.0,82.3,82.3,87.5,81.5,58.1,100.0,100.0,82.8,44.6,100.0,42.7,0
111,54179306,30.7,19.4,21.6,16.9,12.5,17.8,19.9,34.0,49.2,23.1,0.0,30.9,32.3,30.0,37.6,37.6,8.2,4.0,12.3,12.5,20.2,21.8,32.4,16.8,3.6,11.3,68.1,38.2,41.1,26.0,9.8,49.4,100.0,15.1,30.9,7.6,4.3,0.0,0.0,0.0,43.0,32.2,53.7,0.0,0.0,17.3,17.3,0.0,30.9,69.0,22.4,31.4,15.8,22.0,61.5,67.6,0
112,616159,36.8,46.9,41.3,30.7,34.7,22.4,58.6,34.1,43.5,61.5,41.7,65.6,78.8,56.8,64.4,64.4,15.5,5.4,6.4,44.6,44.7,52.6,73.6,86.1,0.6,54.4,75.9,46.0,42.1,36.7,24.1,48.9,100.0,14.4,30.1,19.7,7.5,100.0,100.0,100.0,34.7,50.2,19.2,8.4,8.4,52.3,52.3,54.7,31.8,39.1,62.8,100.0,56.5,45.2,33.7,30.6,0
113,3398366,32.7,29.6,23.8,14.9,22.8,0.5,44.8,29.9,24.9,61.6,56.1,43.2,42.3,43.8,32.6,32.6,15.7,17.0,13.0,36.0,45.9,67.7,80.6,77.9,7.8,26.4,93.9,81.4,52.5,31.2,23.6,58.3,49.9,19.2,30.1,13.6,10.149999999999999,32.6,2.2,63.0,22.7,30.0,15.4,3.3,3.3,14.6,14.6,0.0,0.0,42.2,3.4,52.0,18.1,100.0,27.6,0.0,0
114,32969518,50.5,31.7,28.3,37.9,7.2,59.0,50.1,46.4,81.4,60.9,17.1,16.4,16.3,16.5,23.3,23.3,9.8,1.0,5.2,31.9,44.5,65.2,95.0,97.7,3.4,60.0,91.1,76.0,53.7,15.8,10.2,36.9,27.8,57.1,98.9,15.3,10.149999999999999,25.6,51.2,0.0,30.4,26.4,34.4,20.0,20.0,19.3,19.3,0.0,0.0,55.9,79.7,0.0,27.8,49.8,34.8,86.9,0
115,4736139,32.6,28.1,24.0,21.1,19.8,12.2,50.7,50.1,70.5,70.0,31.7,13.6,13.7,13.6,55.1,55.1,35.5,41.6,10.0,48.7,30.2,10.7,3.6,3.0,0.1,6.3,94.5,6.6,62.5,81.3,100.0,23.9,26.4,18.2,34.1,3.7,16.6,56.1,66.8,45.3,27.2,14.7,39.7,0.0,0.0,27.8,27.8,2.4,26.9,55.3,49.9,51.3,43.2,39.0,37.2,61.0,0
116,1262523,36.8,44.8,57.6,50.7,62.9,29.7,100.0,68.8,77.8,97.6,100.0,65.5,68.5,63.6,66.0,66.0,67.4,99.5,15.9,54.7,37.2,18.0,27.8,27.8,0.0,10.8,0.0,10.8,39.3,100.0,100.0,100.0,100.0,18.5,1.8,28.5,27.1,64.8,60.3,69.3,20.0,30.0,20.0,2.8,2.8,46.4,46.4,35.7,47.1,57.1,60.8,76.5,57.2,0.0,49.2,52.2,0
117,20405317,38.5,40.6,26.7,35.7,9.5,55.3,46.3,35.3,65.0,39.3,16.0,12.1,12.0,12.1,36.8,36.8,3.5,0.5,9.6,36.0,54.1,82.4,100.0,100.0,7.8,53.9,92.9,72.3,42.9,15.0,10.0,18.9,41.5,19.2,30.1,13.6,10.149999999999999,62.7,66.3,59.2,36.7,34.4,39.0,0.0,0.0,33.1,33.1,27.0,6.1,61.4,0.0,57.9,42.4,27.0,23.3,100.0,0
118,33938221,41.2,35.0,48.0,43.7,70.2,28.2,42.7,16.1,37.9,13.6,0.0,57.6,71.7,48.2,61.4,61.4,33.8,47.9,22.1,17.1,36.0,51.9,74.5,84.0,27.7,15.1,0.0,51.9,49.9,2.6,3.1,0.0,51.3,14.3,27.6,6.3,7.6,71.0,88.1,53.9,40.5,17.6,63.4,12.6,12.6,27.2,27.2,30.7,38.1,48.1,80.3,63.5,7.4,55.9,58.0,23.9,0
119,2567012,59.1,50.9,24.2,22.2,20.4,17.9,28.4,44.7,67.4,61.0,12.6,19.7,20.8,18.9,43.9,43.9,26.5,18.6,19.6,49.0,51.3,73.9,100.0,100.0,16.8,81.0,86.5,87.2,57.4,39.1,30.6,56.3,72.8,26.5,62.2,6.2,6.5,76.7,86.4,66.9,14.8,18.0,11.5,5.0,5.0,64.6,64.6,18.7,100.0,61.4,100.0,13.9,100.0,76.8,99.6,52.6,0
120,26207977,37.3,37.7,18.8,27.1,5.6,41.5,30.6,33.2,69.2,44.3,24.2,1.5,1.3,1.7,26.8,26.8,8.4,2.5,20.3,36.0,64.7,77.1,90.8,89.8,7.8,46.9,89.9,73.1,56.4,82.5,100.0,23.9,36.5,19.2,30.1,13.6,10.149999999999999,65.4,93.8,37.0,21.6,9.6,33.6,0.0,0.0,17.9,17.9,5.4,3.3,61.4,10.0,0.5,30.0,0.0,42.5,82.7,0
121,218541212,35.1,28.3,15.2,13.8,11.8,11.6,33.1,21.5,52.1,4.5,16.7,5.0,6.0,4.3,50.9,50.9,12.7,16.7,4.7,12.7,33.3,45.7,78.1,62.0,0.0,26.8,84.0,69.3,33.0,12.2,5.4,31.2,33.6,23.3,46.6,6.2,15.2,62.2,49.1,75.2,28.6,18.2,39.0,0.2,0.2,29.6,29.6,37.4,48.0,61.4,38.0,46.2,8.5,12.3,52.5,76.6,2
122,6948392,46.2,37.7,37.1,38.2,24.1,46.9,54.5,44.5,41.6,73.1,14.3,42.9,43.9,42.2,34.0,34.0,19.3,16.0,15.0,30.4,40.9,60.1,86.8,88.3,8.8,71.5,0.0,66.5,45.4,19.7,2.6,41.8,100.0,14.4,23.1,5.8,10.149999999999999,69.2,81.7,56.7,31.9,39.8,24.1,0.0,0.0,34.5,34.5,26.5,24.1,61.4,37.6,47.6,40.3,42.3,39.6,63.3,0
123,17703090,27.76666667,62.6,83.3,76.8,100.0,68.1,50.5,13.5,62.2,60.4,70.0,100.0,100.0,100.0,94.1,94.1,66.2,99.6,28.3,37.5,60.0,80.1,99.8,93.5,100.0,47.4,78.2,44.2,30.2,24.4,20.4,45.9,26.6,13.0,8.8,20.3,8.9,100.0,100.0,100.0,29.3,18.7,40.0,100.0,100.0,54.5,54.5,65.7,97.8,94.3,43.1,100.0,26.3,70.7,60.7,20.8,0
124,5457127,27.65,59.3,92.2,92.4,100.0,100.0,62.2,21.3,51.6,63.3,57.9,100.0,100.0,100.0,93.0,93.0,70.7,98.8,35.3,50.1,57.6,71.2,82.1,83.3,44.1,81.1,92.7,58.9,70.4,30.8,13.6,100.0,64.2,39.7,33.2,71.9,6.5,100.0,100.0,100.0,25.5,11.8,39.3,64.3,64.3,43.9,43.9,49.3,45.3,93.2,72.2,100.0,30.1,39.8,47.1,12.5,0
125,30547580,32.8,28.3,17.1,9.5,14.2,6.0,0.0,13.5,25.8,0.0,8.7,27.1,29.0,25.9,26.7,26.7,24.7,34.7,4.6,36.0,37.5,51.1,76.3,45.7,7.8,16.5,97.5,54.3,37.3,39.4,40.1,44.4,30.2,19.2,30.1,13.6,10.149999999999999,11.2,0.0,22.4,27.1,8.4,45.8,0.0,0.0,24.1,24.1,0.0,41.2,61.4,38.4,38.6,28.0,100.0,41.2,80.4,0
126,5124100,36.125,56.7,84.9,93.2,96.9,100.0,71.3,46.3,44.4,100.0,54.3,80.4,89.2,74.5,74.6,74.6,60.9,89.5,22.0,42.8,57.9,76.6,91.3,91.3,100.0,28.2,81.3,53.9,37.6,26.9,11.3,47.6,100.0,7.4,5.8,10.9,4.8,76.0,78.9,73.1,64.9,72.2,57.5,79.9,79.9,40.4,40.4,42.2,56.8,58.0,66.0,84.8,27.6,50.4,58.9,7.3,0
127,4576298,36.125,30.7,39.0,31.8,70.4,1.0,35.0,17.4,28.0,50.9,37.1,58.3,76.1,46.5,36.5,36.5,32.8,49.5,13.9,18.5,33.5,20.2,19.3,19.1,0.4,14.3,99.4,19.1,63.2,46.8,14.5,47.150000000000006,46.8,35.6,72.4,10.2,21.1,45.2,47.3,43.0,67.3,84.0,50.6,13.4,13.4,23.2,23.2,23.4,25.4,59.8,17.1,38.2,18.8,25.4,29.2,0.0,0
128,235824862,29.6,24.6,11.4,5.7,13.0,0.0,2.1,2.1,10.3,0.0,18.7,17.5,20.9,15.3,22.5,22.5,15.8,19.7,13.8,10.2,37.8,37.4,62.0,55.1,6.9,8.0,85.7,37.1,39.7,61.3,56.2,100.0,52.6,23.6,21.8,25.3,10.149999999999999,48.0,42.4,53.5,28.6,22.0,35.1,0.1,0.1,16.9,16.9,8.8,24.5,76.3,31.2,41.1,0.0,100.0,34.1,71.5,2
129,4408581,49.96666667,50.5,49.0,51.9,47.1,55.9,66.5,33.2,63.7,66.2,32.6,43.6,46.4,41.7,56.8,56.8,38.6,55.2,14.2,29.7,57.5,83.7,94.1,90.9,100.0,61.9,80.4,71.1,43.3,22.8,14.3,47.7,49.0,33.2,58.4,5.9,35.7,89.6,100.0,79.2,33.2,40.9,25.6,23.1,23.1,43.5,43.5,30.7,49.5,61.4,91.2,57.2,43.5,79.9,73.3,53.3,0
130,34049588,42.0,39.8,43.1,41.5,40.3,40.4,77.1,28.9,56.6,54.5,11.8,43.1,43.7,42.8,67.4,67.4,27.7,42.0,9.2,17.4,45.2,54.5,85.8,82.3,1.6,42.8,74.9,45.2,59.9,27.6,18.4,33.9,77.0,45.2,96.0,9.0,26.6,56.0,62.0,49.9,30.7,24.2,37.1,41.0,41.0,32.2,32.2,27.6,37.7,60.2,63.7,94.0,22.0,39.1,47.5,62.8,0
131,115559009,41.5,28.9,31.1,25.9,19.7,25.6,79.7,25.3,9.8,49.2,20.2,39.0,45.9,34.4,47.4,47.4,23.4,20.0,49.9,3.8,38.6,54.2,90.7,92.4,14.6,27.5,42.9,26.6,35.8,26.7,14.5,100.0,51.3,34.8,41.9,38.7,20.6,34.8,45.2,24.3,29.6,15.1,44.1,0.8,0.8,16.9,16.9,2.8,37.1,77.2,49.6,30.1,8.5,25.4,52.8,72.6,2
132,10142619,41.9,24.8,29.9,31.7,5.0,42.4,100.0,64.1,46.5,82.2,0.0,15.6,15.4,15.8,59.6,59.6,25.8,29.3,6.3,38.3,21.9,16.3,17.9,11.6,1.2,3.6,94.7,9.4,67.2,31.4,20.0,100.0,51.3,35.5,62.9,8.2,10.149999999999999,33.7,31.1,36.4,15.6,0.0,31.3,0.0,0.0,25.4,25.4,13.1,0.0,60.7,68.2,60.7,34.9,23.7,0.0,73.2,0
133,37561599,29.5,50.6,53.0,40.4,49.4,32.9,51.8,18.6,34.1,55.7,64.2,71.8,80.8,65.7,64.5,64.5,63.7,87.0,38.3,42.7,60.0,87.3,100.0,100.0,100.0,53.3,92.6,91.0,37.0,17.7,9.1,60.8,26.3,11.0,9.7,16.6,5.6,99.6,100.0,99.2,42.7,28.0,57.4,61.5,61.5,38.8,38.8,52.2,70.1,35.4,70.1,100.0,9.9,46.8,64.3,22.5,0
134,10379007,33.66666667,50.4,76.6,78.1,85.2,83.0,54.7,21.0,44.5,66.4,49.1,83.5,80.3,85.7,64.6,64.6,62.5,94.6,23.5,37.5,49.6,70.5,100.0,100.0,43.3,41.6,73.0,68.6,35.0,8.6,0.0,32.7,35.7,14.7,2.8,33.0,6.6,100.0,100.0,100.0,23.5,24.7,22.3,59.2,59.2,37.6,37.6,48.9,50.2,45.4,74.0,100.0,23.2,0.2,15.4,29.6,0
135,6780744,44.64,40.9,44.9,43.3,30.5,52.9,49.8,41.6,83.8,51.4,0.0,47.6,51.0,45.2,50.6,50.6,41.0,52.5,18.1,36.0,48.9,64.3,82.9,84.1,7.8,37.8,0.0,40.5,51.5,14.1,5.2,44.9,36.3,19.2,30.1,13.6,10.149999999999999,64.5,100.0,29.1,69.4,60.9,77.9,0.7,0.7,30.1,30.1,17.2,36.8,61.4,47.0,31.2,33.1,67.7,50.9,42.7,0
136,2695122,36.125,33.0,51.7,42.1,100.0,2.4,30.6,0.7,24.3,32.1,19.9,66.6,81.0,57.0,58.4,58.4,60.6,90.2,6.0,56.0,34.5,50.1,79.3,79.3,0.0,44.7,76.7,16.7,61.1,0.0,14.5,47.150000000000006,0.0,5.7,30.1,5.7,10.149999999999999,64.3,94.6,34.0,13.3,0.0,26.6,70.0,70.0,21.5,21.5,32.5,13.6,61.4,0.0,26.1,13.1,45.3,37.9,0.0,0
137,18956666,35.06666667,56.0,45.2,39.2,44.5,33.2,66.8,20.3,37.7,54.3,48.4,56.0,56.8,55.4,50.8,50.8,45.6,69.5,13.0,30.3,65.4,81.1,96.3,97.6,100.0,36.3,85.0,69.2,31.9,35.0,21.0,100.0,53.7,66.3,30.1,100.0,22.9,95.9,100.0,91.9,53.8,41.8,65.7,25.7,25.7,51.3,51.3,61.4,52.6,54.6,80.9,100.0,31.2,63.0,82.4,44.5,0
138,143555736,37.06666667,37.5,50.6,48.8,63.4,39.6,59.6,12.3,31.8,54.5,57.0,55.5,55.0,55.8,71.3,71.3,27.7,41.1,5.3,23.1,39.0,44.4,60.0,63.2,0.9,26.6,89.6,57.8,69.6,18.7,11.2,34.8,47.8,13.7,17.3,10.0,10.149999999999999,91.9,95.7,88.0,48.9,37.3,60.5,18.5,18.5,29.1,29.1,47.7,37.4,47.2,58.5,100.0,0.0,36.7,35.0,8.4,2
139,13776698,43.7,32.8,22.7,24.7,11.9,37.7,28.3,17.7,0.0,0.0,12.7,16.9,16.9,17.0,44.6,44.6,4.5,1.0,11.5,36.0,37.7,47.6,51.4,54.6,7.8,28.2,94.1,49.0,34.1,17.8,13.6,31.0,29.9,19.2,30.1,13.6,10.149999999999999,67.8,75.6,60.0,31.5,23.6,39.4,0.0,0.0,32.6,32.6,0.0,33.3,58.3,49.0,63.2,52.6,8.4,74.3,100.0,0
140,36408820,36.125,37.9,42.4,32.8,75.7,0.0,31.1,14.9,6.4,51.3,42.5,59.3,71.8,51.0,34.9,34.9,60.3,91.0,18.8,40.4,47.7,29.3,28.0,28.0,20.7,15.1,97.5,31.3,58.0,100.0,100.0,47.150000000000006,100.0,19.5,36.7,8.1,12.0,57.4,58.8,56.1,59.4,54.4,64.3,37.7,37.7,24.8,24.8,41.4,24.5,62.7,40.8,100.0,0.2,0.0,46.1,1.6,0
141,46874204,34.2,27.6,17.6,15.6,19.8,4.4,32.8,39.8,66.2,56.2,22.9,22.4,22.0,22.6,6.7,6.7,28.1,37.8,8.9,27.8,34.5,37.0,11.6,12.7,100.0,13.1,95.1,11.8,47.3,41.2,43.6,45.8,22.3,16.0,16.3,15.7,10.149999999999999,60.5,79.3,41.7,33.1,41.6,24.7,0.0,0.0,25.1,25.1,8.5,39.5,61.4,54.3,52.5,20.9,100.0,50.1,67.3,0
142,17316449,38.3,33.9,21.3,22.1,12.4,25.2,40.7,38.1,14.9,53.9,32.6,13.1,13.4,13.0,47.0,47.0,11.2,4.1,11.9,24.7,40.2,65.1,100.0,100.0,12.6,43.1,97.0,78.0,32.2,15.5,12.5,18.3,31.2,23.9,38.8,15.9,15.3,28.0,15.7,40.3,39.9,41.3,38.6,0.5,0.5,33.6,33.6,18.2,40.3,61.4,54.6,55.1,37.6,39.6,60.7,83.1,0
143,5637022,36.125,50.9,77.0,69.2,99.3,56.0,60.9,20.1,7.9,23.5,31.1,93.3,100.0,88.9,84.5,84.5,71.7,99.3,51.7,36.4,42.5,25.3,29.2,29.2,0.0,5.0,85.7,53.4,78.1,5.0,5.0,47.150000000000006,51.3,100.0,30.1,100.0,10.149999999999999,100.0,100.0,100.0,22.0,24.2,19.7,100.0,100.0,46.5,46.5,60.8,11.5,63.6,100.0,62.6,38.2,0.0,77.8,25.7,0
144,724273,37.1,35.0,22.8,28.6,0.0,32.1,100.0,100.0,99.9,100.0,35.5,14.1,13.6,14.4,25.0,25.0,11.1,1.1,6.1,36.0,14.6,8.3,1.9,1.9,0.8,0.0,62.7,0.7,65.5,11.5,11.5,47.150000000000006,51.3,12.7,8.4,17.1,10.149999999999999,67.7,35.3,100.0,8.6,30.0,8.6,1.2,1.2,63.9,63.9,54.3,19.3,61.4,52.6,100.0,85.2,14.9,60.2,99.9,0
145,8605718,35.7,32.7,19.7,21.6,7.2,29.0,39.4,34.7,64.9,23.9,9.6,11.6,11.7,11.6,36.8,36.8,12.1,0.6,9.7,37.6,36.4,51.2,75.5,96.0,5.7,20.0,78.0,45.1,37.5,15.8,0.0,26.2,100.0,34.0,81.7,3.4,12.2,44.1,53.4,34.8,33.2,23.8,42.7,0.0,0.0,35.5,35.5,12.7,31.3,58.3,48.5,64.7,52.9,0.0,40.9,100.0,0
146,6336392,38.8,40.8,39.3,36.7,38.5,37.3,52.7,15.0,33.2,37.0,0.5,41.7,43.1,40.8,34.9,34.9,52.1,78.6,15.2,36.1,33.0,31.4,40.0,44.2,4.2,33.3,84.2,20.4,36.8,38.3,17.7,100.0,100.0,12.0,16.1,11.3,7.5,92.8,100.0,85.6,20.6,17.3,23.9,0.1,0.1,50.2,50.2,36.6,71.4,59.6,100.0,100.0,50.0,48.5,49.9,76.3,0
147,6760087,34.83333333,43.9,41.6,29.4,38.6,19.0,56.7,23.3,22.8,53.1,38.5,65.6,73.3,60.5,50.4,50.4,40.3,59.9,1.0,36.0,47.0,46.7,50.9,50.9,7.8,31.0,86.8,53.0,30.7,39.7,26.2,60.1,100.0,19.2,30.1,13.6,10.149999999999999,99.3,98.6,100.0,45.3,20.7,69.9,0.7,0.7,41.7,41.7,47.3,45.1,60.7,100.0,100.0,27.5,45.4,41.2,20.0,0
148,227380,40.7,52.9,30.1,26.8,16.1,22.0,27.8,95.9,100.0,69.9,88.3,35.3,37.1,34.1,44.3,44.3,20.4,3.2,16.9,58.1,54.5,59.1,100.0,100.0,0.0,29.6,85.7,85.7,48.2,100.0,14.5,47.150000000000006,100.0,19.7,20.1,15.9,23.9,55.6,55.6,55.7,18.2,30.0,18.2,10.9,10.9,63.2,63.2,40.3,23.1,61.4,30.7,56.4,96.3,45.3,53.5,100.0,0
149,618040,57.9,45.9,36.0,36.9,39.2,21.4,100.0,84.4,86.1,81.1,22.0,39.4,45.4,35.4,42.6,42.6,15.9,0.5,16.9,45.6,46.6,59.5,57.5,84.4,0.0,100.0,92.0,59.6,77.9,33.1,27.8,45.0,53.0,40.9,53.0,28.8,10.149999999999999,52.1,55.3,48.9,42.2,24.9,59.4,13.2,13.2,50.3,50.3,37.8,45.8,100.0,66.1,91.6,61.8,27.5,20.5,36.5,0
150,5431752,24.1,60.0,59.0,50.9,74.6,35.4,52.8,17.2,35.7,52.3,47.0,71.9,82.8,64.6,68.4,68.4,62.2,86.8,13.2,36.0,66.3,82.7,100.0,100.0,7.8,50.0,86.5,90.4,35.6,19.9,12.3,49.9,35.1,19.2,30.1,13.6,10.149999999999999,100.0,100.0,100.0,68.0,67.1,68.8,44.7,44.7,53.5,53.5,58.2,56.1,77.1,61.1,100.0,40.6,66.5,66.0,33.5,0
151,2108732,24.33333333,67.3,64.4,55.1,60.2,56.8,48.5,15.5,44.2,46.2,37.1,74.7,81.4,70.3,87.2,87.2,66.7,87.7,24.8,36.0,72.7,84.5,100.0,100.0,7.8,58.3,84.1,89.0,41.5,34.1,16.3,75.3,100.0,19.2,30.1,13.6,10.149999999999999,100.0,100.0,100.0,55.0,62.9,47.0,92.2,92.2,62.9,62.9,67.2,68.5,76.8,75.6,100.0,57.9,27.8,70.2,31.1,0
152,10486941,29.4,72.7,93.1,94.0,100.0,100.0,68.5,32.3,75.4,66.5,77.6,98.6,99.6,97.9,96.9,96.9,70.8,99.4,39.7,44.8,60.6,68.8,62.6,64.5,100.0,35.8,70.0,76.3,60.6,29.3,5.7,100.0,100.0,15.3,15.8,19.8,8.9,100.0,100.0,100.0,74.0,84.4,63.6,100.0,100.0,75.4,75.4,87.2,68.5,96.0,100.0,100.0,63.8,56.6,83.4,40.4,0
153,1201670,54.6,44.9,17.9,16.9,15.6,14.6,34.8,20.5,36.8,31.0,17.8,12.6,13.2,12.2,39.6,39.6,14.6,13.3,17.3,36.0,37.0,28.7,24.7,21.3,7.8,36.5,76.4,18.6,40.3,20.9,10.3,53.9,51.5,19.2,30.1,13.6,10.149999999999999,75.5,72.4,78.5,43.2,45.3,41.1,70.0,70.0,67.9,67.9,62.9,53.5,61.4,78.1,66.6,76.5,59.7,64.6,77.1,0
154,100060,32.1,55.6,54.2,54.8,71.8,31.2,66.1,94.2,97.5,95.0,100.0,51.5,60.0,45.8,67.8,67.8,44.4,42.1,24.4,69.1,57.8,76.1,100.0,100.0,100.0,7.5,85.7,31.2,44.3,71.7,66.9,100.0,51.3,20.3,27.1,13.5,10.149999999999999,72.4,73.8,70.9,8.8,30.0,8.8,19.5,19.5,53.9,53.9,31.5,31.9,61.4,45.4,47.5,83.8,45.3,47.0,48.0,0
155,17723315,37.5,28.1,16.7,24.3,5.5,34.6,30.5,43.2,88.1,48.8,0.0,0.0,0.0,0.0,28.6,28.6,5.1,2.0,11.1,36.0,42.3,62.4,68.1,77.4,7.8,27.6,91.4,65.7,52.2,9.0,3.6,25.0,25.8,19.2,30.1,13.6,10.149999999999999,63.9,69.0,58.7,28.4,18.0,38.7,0.0,0.0,18.5,18.5,18.3,0.0,61.4,4.4,57.2,20.8,20.3,0.0,47.7,0
156,8848699,42.5,34.0,18.2,21.0,10.8,25.1,28.8,36.7,60.3,32.0,21.9,5.2,5.6,4.9,43.1,43.1,10.3,2.3,3.5,32.9,41.1,59.2,98.4,98.4,0.0,41.1,92.4,49.7,37.2,22.4,8.7,26.8,100.0,7.1,30.1,2.3,13.3,72.6,87.5,57.8,39.2,38.7,39.8,0.0,0.0,34.4,34.4,17.4,24.6,61.4,43.5,43.2,47.5,21.0,56.0,90.8,0
157,71697030,35.35,38.1,43.8,34.4,39.9,33.3,42.4,15.2,17.1,17.5,11.0,55.9,75.8,42.7,80.7,80.7,28.5,35.4,40.0,3.1,37.3,51.4,75.7,46.6,44.6,26.8,70.1,71.8,31.8,15.3,9.8,41.2,22.5,12.9,11.9,15.3,10.9,79.8,100.0,59.5,33.0,32.9,33.1,1.8,1.8,36.0,36.0,41.6,71.5,100.0,77.6,54.8,9.5,30.2,60.0,42.0,0
158,9952787,34.0,37.1,16.6,12.2,20.6,0.0,24.0,24.4,36.8,48.5,34.1,30.9,29.8,31.7,15.3,15.3,6.4,2.7,13.9,36.0,55.7,57.6,64.0,75.5,7.8,28.6,93.3,39.6,47.4,83.0,88.7,31.8,100.0,19.2,30.1,13.6,10.149999999999999,38.5,42.3,34.7,50.1,54.7,45.5,2.2,2.2,27.3,27.3,0.0,5.6,100.0,31.9,43.0,38.5,100.0,33.1,82.8,0
159,6430770,40.8,37.0,42.3,38.7,82.6,0.9,48.4,33.5,56.8,61.6,47.6,47.4,46.9,47.7,42.9,42.9,48.5,65.2,15.3,36.0,40.7,22.9,18.8,22.4,7.8,5.3,96.4,18.1,44.5,84.0,100.0,57.4,14.3,19.2,30.1,13.6,10.149999999999999,46.7,53.3,40.1,51.8,63.8,39.9,9.8,9.8,30.2,30.2,29.5,17.5,59.0,66.2,34.4,17.6,100.0,83.7,0.0,0
160,1341296,28.7,35.1,29.6,32.5,11.7,41.9,43.2,64.2,88.6,73.4,20.5,26.0,25.6,26.2,33.8,33.8,18.3,4.6,13.5,50.6,39.9,54.9,94.5,94.5,7.3,17.3,99.4,37.5,36.3,34.4,23.5,100.0,51.3,33.3,48.0,18.5,10.149999999999999,42.1,37.3,46.8,18.5,2.0,34.9,0.6,0.6,32.8,32.8,8.1,21.5,61.4,46.2,67.4,55.0,40.5,30.1,51.8,0
161,106858,33.5,43.8,45.6,41.9,24.3,42.6,53.6,100.0,100.0,100.0,100.0,46.5,51.9,42.8,77.9,77.9,31.7,22.4,12.2,69.8,40.9,31.9,58.3,58.3,0.5,5.0,85.7,9.3,42.6,26.7,14.5,47.150000000000006,51.3,54.8,100.0,9.5,10.149999999999999,70.5,41.1,100.0,34.1,30.0,34.1,6.6,6.6,46.0,46.0,2.3,45.4,61.4,71.7,97.5,87.0,45.3,15.1,60.1,0
162,1531044,40.3,47.8,52.7,54.3,88.9,21.2,100.0,39.5,80.6,85.4,53.2,53.4,60.9,48.5,81.1,81.1,13.3,5.7,16.2,25.6,44.0,65.3,99.4,98.8,0.4,100.0,0.0,35.2,51.4,36.0,21.7,58.1,100.0,16.5,16.6,18.2,14.1,69.4,63.8,75.1,4.1,2.9,5.2,3.0,3.0,49.3,49.3,55.9,60.8,61.4,65.9,82.0,37.7,77.2,45.4,0.0,0
163,12356117,32.8,40.7,43.2,43.3,80.5,16.9,38.8,16.7,21.9,45.1,45.7,52.6,58.0,49.1,35.9,35.9,26.2,33.0,10.9,27.8,32.7,26.4,32.0,37.1,9.9,9.5,90.9,17.3,42.4,29.7,6.3,100.0,100.0,22.1,28.7,24.9,10.1,80.6,100.0,61.3,24.8,25.3,24.3,43.0,43.0,48.3,48.3,51.8,74.1,61.4,67.5,44.6,41.2,0.0,57.2,61.1,0
164,85341241,41.9,26.3,47.8,44.6,75.7,23.6,27.7,17.3,37.5,57.8,40.1,52.7,61.2,47.0,60.8,60.8,40.6,56.0,32.0,18.3,20.3,7.5,1.1,1.4,0.0,9.1,87.1,1.1,37.3,22.0,17.1,30.6,43.0,9.5,6.9,13.1,8.2,61.8,55.9,67.7,39.1,20.9,57.4,30.5,30.5,21.5,21.5,26.5,18.6,69.6,6.2,100.0,0.1,48.6,51.1,39.6,0
165,65497748,40.5,34.2,28.2,33.2,10.7,46.4,50.8,49.1,72.0,56.1,18.9,18.5,18.6,18.4,43.0,43.0,10.4,2.8,12.3,23.4,45.2,70.1,99.4,98.9,9.6,86.7,83.8,68.8,45.6,18.8,12.6,41.2,33.7,19.1,27.5,10.8,10.149999999999999,64.4,74.4,54.3,31.1,18.2,44.0,2.9,2.9,25.3,25.3,10.6,28.0,61.4,51.8,55.2,23.1,56.7,70.4,84.8,0
166,47249585,42.7,35.8,24.9,27.4,11.4,40.8,36.1,29.9,24.4,14.4,4.1,17.6,17.5,17.7,41.3,41.3,13.2,7.7,24.1,36.0,49.2,75.8,95.2,95.3,7.8,35.0,86.9,71.5,40.7,14.6,8.8,22.2,41.4,19.2,30.1,13.6,10.149999999999999,63.2,77.7,48.8,21.3,4.0,38.7,0.4,0.4,26.8,26.8,15.4,22.4,61.4,44.2,52.0,29.8,16.8,53.3,96.1,0
167,38000000,26.1,49.6,43.6,35.9,50.8,21.7,53.8,21.0,34.6,59.9,63.4,55.2,55.2,55.1,68.4,68.4,32.0,51.5,4.5,20.4,48.0,61.7,75.3,76.0,69.3,15.7,84.2,67.3,30.1,23.3,11.1,63.8,55.7,23.7,27.4,29.6,11.4,94.6,100.0,89.3,44.7,10.0,79.5,14.1,14.1,54.7,54.7,67.1,59.0,37.8,63.8,86.8,39.1,46.7,81.3,42.2,0
168,3422794,40.1,37.4,62.7,63.6,64.2,66.1,59.5,39.2,68.3,79.4,36.4,70.8,84.5,61.8,61.5,61.5,38.5,40.8,24.8,47.6,25.8,17.8,20.5,20.6,3.3,10.6,72.4,24.0,29.0,15.7,6.2,51.0,37.3,5.7,8.1,5.5,2.9,79.7,100.0,59.4,70.7,70.0,71.4,2.1,2.1,37.0,37.0,42.2,36.6,0.0,77.9,58.0,35.0,15.6,42.7,20.0,0
169,333287557,40.6,51.1,76.8,77.0,97.2,74.6,36.7,15.2,34.7,54.9,34.8,86.1,81.4,89.3,75.1,75.1,54.3,96.0,14.8,10.5,51.4,60.6,55.5,63.4,100.0,14.8,84.0,44.5,46.3,20.1,9.8,52.5,50.0,17.2,27.1,13.0,10.0,100.0,100.0,100.0,61.4,50.9,71.9,58.9,58.9,37.2,37.2,57.8,53.3,81.7,73.6,100.0,0.0,50.7,61.2,5.7,2
170,35648100,35.3,38.2,26.5,16.7,32.7,0.0,36.9,6.7,30.8,51.0,39.5,52.1,49.2,54.0,27.3,27.3,15.9,8.1,31.6,36.0,41.0,33.8,33.8,43.5,7.8,9.5,75.3,22.8,45.6,61.7,64.5,49.8,57.0,19.2,30.1,13.6,10.149999999999999,56.6,29.4,83.7,47.2,46.9,47.5,0.0,0.0,41.3,41.3,51.6,41.1,51.4,30.1,100.0,18.8,56.0,93.8,43.2,0
171,103948,36.125,53.2,42.5,42.7,49.7,23.3,100.0,76.9,73.0,90.6,90.9,43.6,47.4,41.1,34.2,34.2,47.4,55.6,13.3,65.0,51.1,45.6,68.4,63.7,2.1,70.2,85.7,27.5,29.5,51.9,35.9,100.0,100.0,72.5,30.1,100.0,37.2,91.5,100.0,83.0,35.4,30.0,35.4,14.0,14.0,61.0,61.0,32.3,47.2,59.3,100.0,81.5,90.0,94.4,22.8,63.5,0
172,28301696,44.8,46.4,42.9,46.7,74.4,25.1,59.2,30.5,60.6,58.2,10.5,46.8,51.6,43.6,42.5,42.5,12.1,6.5,21.3,14.0,52.0,71.5,100.0,100.0,11.4,72.9,89.2,86.5,56.8,33.6,20.1,48.2,100.0,27.7,35.2,16.1,33.1,74.0,75.6,72.3,43.6,64.4,22.9,6.4,6.4,42.1,42.1,54.5,50.8,74.5,72.9,100.0,22.3,51.2,0.0,40.3,0
173,98186856,36.25,20.1,35.1,26.5,24.9,28.4,41.3,14.9,33.2,8.4,17.6,52.8,55.7,50.9,47.1,47.1,25.6,22.0,46.0,12.3,22.1,27.9,43.9,28.0,3.8,25.1,39.8,40.3,37.2,8.5,2.4,24.4,28.9,24.2,61.0,4.2,2.4,19.3,26.9,11.7,39.6,28.9,50.3,0.3,0.3,10.1,10.1,0.0,50.8,61.4,40.1,0.0,2.5,12.5,45.9,53.1,2
174,326740,32.3,36.9,30.4,30.7,6.1,34.5,62.7,100.0,82.8,100.0,71.2,21.5,21.7,21.4,44.9,44.9,36.5,20.6,52.9,52.0,28.0,20.0,24.1,24.1,0.1,6.8,99.0,3.2,63.3,38.6,28.4,100.0,51.3,21.0,18.6,11.5,36.4,63.9,28.2,99.6,33.0,30.0,33.0,4.5,4.5,50.1,50.1,21.7,38.4,61.4,61.5,85.2,80.5,24.3,41.8,67.7,0
175,222382,38.7,36.4,44.0,36.0,14.5,39.0,46.0,100.0,97.8,100.0,100.0,49.3,62.5,40.4,67.8,67.8,51.2,36.8,57.6,73.6,25.6,26.9,45.6,45.6,0.8,1.4,0.0,8.5,65.8,26.7,14.5,47.150000000000006,51.3,15.5,10.2,20.7,10.149999999999999,48.6,29.9,67.3,27.7,30.0,27.7,0.9,0.9,44.2,44.2,13.1,28.0,61.4,25.6,84.7,80.1,45.3,6.0,62.3,0
176,59893885,63.0,37.2,28.1,22.2,36.1,13.1,41.1,0.4,3.1,0.0,19.4,24.7,26.7,23.4,58.1,58.1,39.2,55.6,28.2,17.3,44.2,54.7,43.4,46.4,100.0,24.1,95.1,36.8,41.2,14.4,5.8,41.4,38.8,29.9,30.3,45.9,8.8,74.6,71.3,77.9,61.1,67.8,54.4,21.7,21.7,34.1,34.1,54.6,47.6,36.4,90.0,22.6,7.9,27.3,49.7,25.1,0
177,20017675,55.9,38.4,21.2,23.6,12.6,28.6,36.4,37.6,43.9,46.6,12.8,13.5,13.9,13.2,41.7,41.7,6.9,4.1,12.6,36.0,58.2,91.0,100.0,100.0,7.8,79.8,91.8,90.6,61.5,19.9,11.5,36.8,53.6,19.2,30.1,13.6,10.149999999999999,32.2,27.7,36.6,53.2,69.8,36.6,4.5,4.5,25.6,25.6,0.0,39.7,59.4,68.9,32.0,33.7,39.1,53.8,73.9,0
178,16320537,50.3,46.2,21.9,23.9,10.4,30.1,43.5,34.8,55.0,45.5,17.7,16.9,17.8,16.2,32.1,32.1,13.3,9.1,21.8,36.0,61.7,83.7,99.7,99.1,7.8,57.2,91.2,80.1,44.9,17.7,12.8,35.9,28.8,19.2,30.1,13.6,10.149999999999999,87.8,100.0,75.6,42.8,62.0,23.6,37.2,37.2,41.9,41.9,29.3,55.1,61.4,100.0,54.5,40.8,57.4,63.7,77.2,0
